CODE,FREQUENCY,TIME,Value
AUS,A,1990,10.36402
AUS,A,1995,10.41745
AUS,A,2000,10.73562
AUS,A,2005,10.52515
AUS,A,2010,10.53559
AUS,A,2011,10.88267
AUS,A,2012,10.40148
AUS,A,2013,9.84329
AUS,A,2014,9.36117
AUS,A,2015,9.20277
AUS,A,2016,8.53581
AUS,A,2017,8.52437
AUT,A,1990,17.41988
AUT,A,1995,16.05844
AUT,A,2000,15.46764
AUT,A,2005,15.70761
AUT,A,2010,15.36477
AUT,A,2011,15.67401
AUT,A,2012,14.50341
AUT,A,2013,14.28511
AUT,A,2014,13.53498
AUT,A,2015,13.59913
AUT,A,2016,12.65744
AUT,A,2017,12.68774
BEL,A,1990,17.45928
BEL,A,1995,16.54072
BEL,A,2000,15.97944
BEL,A,2005,15.64455
BEL,A,2010,16.22427
BEL,A,2011,16.01357
BEL,A,2012,14.93425
BEL,A,2013,14.29062
BEL,A,2014,13.44477
BEL,A,2015,13.79065
BEL,A,2016,13.06322
BEL,A,2017,13.09935
CAN,A,1990,8.23971
CAN,A,1995,8.13253
CAN,A,2000,8.18316
CAN,A,2005,8.45246
CAN,A,2010,8.37601
CAN,A,2011,8.57013
CAN,A,2012,8.10123
CAN,A,2013,7.75003
CAN,A,2014,7.30653
CAN,A,2015,7.17206
CAN,A,2016,6.48028
CAN,A,2017,6.45931
CZE,A,1990,24.90836
CZE,A,1995,22.2866
CZE,A,2000,20.66616
CZE,A,2005,20.64953
CZE,A,2010,20.77924
CZE,A,2011,20.2512
CZE,A,2012,18.79705
CZE,A,2013,18.31878
CZE,A,2014,17.53825
CZE,A,2015,17.64812
CZE,A,2016,16.21703
CZE,A,2017,16.21481
DNK,A,1990,12.6183
DNK,A,1995,11.98831
DNK,A,2000,12.54813
DNK,A,2005,12.27896
DNK,A,2010,12.30225
DNK,A,2011,12.95704
DNK,A,2012,11.38229
DNK,A,2013,11.02389
DNK,A,2014,11.32302
DNK,A,2015,10.88294
DNK,A,2016,10.35071
DNK,A,2017,10.35431
FIN,A,1990,7.41045
FIN,A,1995,7.13694
FIN,A,2000,7.13298
FIN,A,2005,7.13376
FIN,A,2010,7.28899
FIN,A,2011,7.39376
FIN,A,2012,6.71052
FIN,A,2013,6.3459
FIN,A,2014,6.57508
FIN,A,2015,6.08473
FIN,A,2016,5.94186
FIN,A,2017,5.90603
FRA,A,1990,15.64836
FRA,A,1995,15.07773
FRA,A,2000,14.78382
FRA,A,2005,14.78401
FRA,A,2010,14.84296
FRA,A,2011,15.09754
FRA,A,2012,14.00249
FRA,A,2013,13.69998
FRA,A,2014,12.56274
FRA,A,2015,12.82713
FRA,A,2016,11.9765
FRA,A,2017,11.95962
DEU,A,1990,17.48779
DEU,A,1995,15.8619
DEU,A,2000,15.05441
DEU,A,2005,14.57788
DEU,A,2010,15.38112
DEU,A,2011,14.9885
DEU,A,2012,13.77974
DEU,A,2013,13.34938
DEU,A,2014,12.95331
DEU,A,2015,12.97559
DEU,A,2016,12.08735
DEU,A,2017,12.08939
GRC,A,1990,20.03784
GRC,A,1995,19.30241
GRC,A,2000,20.00605
GRC,A,2005,19.39906
GRC,A,2010,19.13968
GRC,A,2011,20.05871
GRC,A,2012,18.60477
GRC,A,2013,17.75888
GRC,A,2014,17.5534
GRC,A,2015,17.60409
GRC,A,2016,16.36196
GRC,A,2017,16.47663
HUN,A,1990,21.74888
HUN,A,1995,19.95322
HUN,A,2000,19.25588
HUN,A,2005,19.6949
HUN,A,2010,19.50528
HUN,A,2011,19.71477
HUN,A,2012,17.75631
HUN,A,2013,17.38891
HUN,A,2014,16.50801
HUN,A,2015,17.39666
HUN,A,2016,16.06693
HUN,A,2017,16.08462
ISL,A,1990,8.25301
ISL,A,1995,8.14162
ISL,A,2000,8.37167
ISL,A,2005,8.32544
ISL,A,2010,8.21186
ISL,A,2011,8.45311
ISL,A,2012,7.73023
ISL,A,2013,7.57365
ISL,A,2014,7.20954
ISL,A,2015,7.21924
ISL,A,2016,6.80928
ISL,A,2017,6.78283
IRL,A,1990,10.19462
IRL,A,1995,10.00237
IRL,A,2000,10.10227
IRL,A,2005,9.99974
IRL,A,2010,10.01998
IRL,A,2011,10.30893
IRL,A,2012,9.57135
IRL,A,2013,9.45431
IRL,A,2014,8.79914
IRL,A,2015,8.73556
IRL,A,2016,8.27768
IRL,A,2017,8.27177
ITA,A,1990,21.15975
ITA,A,1995,20.1003
ITA,A,2000,19.69202
ITA,A,2005,19.41877
ITA,A,2010,18.99694
ITA,A,2011,19.84583
ITA,A,2012,18.22088
ITA,A,2013,17.73271
ITA,A,2014,17.59491
ITA,A,2015,17.6811
ITA,A,2016,16.33775
ITA,A,2017,16.4971
JPN,A,1990,14.29909
JPN,A,1995,14.17813
JPN,A,2000,14.41739
JPN,A,2005,14.51624
JPN,A,2010,14.40937
JPN,A,2011,14.36904
JPN,A,2012,13.36078
JPN,A,2013,13.55745
JPN,A,2014,12.77393
JPN,A,2015,12.88608
JPN,A,2016,11.79464
JPN,A,2017,11.86181
KOR,A,1990,29.51137
KOR,A,1995,29.56229
KOR,A,2000,29.85944
KOR,A,2005,30.39617
KOR,A,2010,30.0354
KOR,A,2011,29.96
KOR,A,2012,28.05809
KOR,A,2013,29.30253
KOR,A,2014,27.19911
KOR,A,2015,28.05651
KOR,A,2016,24.99773
KOR,A,2017,25.13889
LUX,A,1990,13.66016
LUX,A,1995,12.92018
LUX,A,2000,12.44219
LUX,A,2005,12.2481
LUX,A,2010,12.79199
LUX,A,2011,12.58926
LUX,A,2012,11.63394
LUX,A,2013,11.45083
LUX,A,2014,10.67315
LUX,A,2015,10.87678
LUX,A,2016,10.16439
LUX,A,2017,10.17904
MEX,A,1990,23.869
MEX,A,1995,24.58764
MEX,A,2000,27.42368
MEX,A,2005,27.47616
MEX,A,2010,26.75453
MEX,A,2011,28.21291
MEX,A,2012,26.4369
MEX,A,2013,25.79244
MEX,A,2014,23.60891
MEX,A,2015,22.58937
MEX,A,2016,21.25683
MEX,A,2017,21.23615
NLD,A,1990,16.31691
NLD,A,1995,15.43127
NLD,A,2000,14.92449
NLD,A,2005,14.60716
NLD,A,2010,15.07256
NLD,A,2011,15.00012
NLD,A,2012,13.78164
NLD,A,2013,13.04299
NLD,A,2014,12.73891
NLD,A,2015,12.87384
NLD,A,2016,12.07439
NLD,A,2017,12.086
NZL,A,1990,6.88627
NZL,A,1995,6.90134
NZL,A,2000,7.29552
NZL,A,2005,7.25624
NZL,A,2010,7.25277
NZL,A,2011,7.51619
NZL,A,2012,6.94628
NZL,A,2013,6.79092
NZL,A,2014,6.43724
NZL,A,2015,6.39736
NZL,A,2016,6.02967
NZL,A,2017,5.99181
NOR,A,1990,8.84988
NOR,A,1995,8.61613
NOR,A,2000,8.80463
NOR,A,2005,8.46667
NOR,A,2010,8.49182
NOR,A,2011,8.99417
NOR,A,2012,8.04647
NOR,A,2013,7.74089
NOR,A,2014,7.78325
NOR,A,2015,7.33184
NOR,A,2016,7.05621
NOR,A,2017,7.0458
POL,A,1990,30.4885
POL,A,1995,27.59469
POL,A,2000,25.92949
POL,A,2005,26.00973
POL,A,2010,27.10558
POL,A,2011,26.15214
POL,A,2012,24.29708
POL,A,2013,23.22225
POL,A,2014,22.17074
POL,A,2015,22.69148
POL,A,2016,20.93642
POL,A,2017,20.94327
PRT,A,1990,10.03976
PRT,A,1995,9.98352
PRT,A,2000,10.11433
PRT,A,2005,10.35064
PRT,A,2010,10.05313
PRT,A,2011,10.35092
PRT,A,2012,9.41093
PRT,A,2013,9.33048
PRT,A,2014,8.7697
PRT,A,2015,8.8526
PRT,A,2016,8.07712
PRT,A,2017,8.12088
SVK,A,1990,25.47177
SVK,A,1995,23.15847
SVK,A,2000,22.00119
SVK,A,2005,22.26558
SVK,A,2010,21.99084
SVK,A,2011,22.01619
SVK,A,2012,20.10268
SVK,A,2013,19.75295
SVK,A,2014,18.56035
SVK,A,2015,19.16916
SVK,A,2016,17.90478
SVK,A,2017,17.93355
ESP,A,1990,12.0754
ESP,A,1995,11.91163
ESP,A,2000,12.11131
ESP,A,2005,11.95634
ESP,A,2010,11.72598
ESP,A,2011,12.29526
ESP,A,2012,11.43863
ESP,A,2013,10.98741
ESP,A,2014,10.27986
ESP,A,2015,10.67482
ESP,A,2016,9.89562
ESP,A,2017,9.91419
SWE,A,1990,7.64947
SWE,A,1995,7.35937
SWE,A,2000,7.56419
SWE,A,2005,7.12927
SWE,A,2010,7.21877
SWE,A,2011,7.45307
SWE,A,2012,6.61322
SWE,A,2013,6.4197
SWE,A,2014,6.90825
SWE,A,2015,6.28585
SWE,A,2016,6.11175
SWE,A,2017,6.13443
CHE,A,1990,14.27061
CHE,A,1995,13.52322
CHE,A,2000,12.98989
CHE,A,2005,13.02684
CHE,A,2010,13.09833
CHE,A,2011,13.29447
CHE,A,2012,12.52265
CHE,A,2013,12.04835
CHE,A,2014,11.59223
CHE,A,2015,11.35572
CHE,A,2016,10.44713
CHE,A,2017,10.44407
UK,A,1990,13.24545
UK,A,1995,12.7487
UK,A,2000,12.59064
UK,A,2005,12.49076
UK,A,2010,12.3034
UK,A,2011,12.84189
UK,A,2012,11.80623
UK,A,2013,11.60548
UK,A,2014,10.78696
UK,A,2015,10.73807
UK,A,2016,10.48657
UK,A,2017,10.44482
USA,A,1990,9.56131
USA,A,1995,9.43577
USA,A,2000,9.47155
USA,A,2005,9.55296
USA,A,2010,9.29297
USA,A,2011,9.66482
USA,A,2012,8.96083
USA,A,2013,8.67383
USA,A,2014,8.16956
USA,A,2015,8.01888
USA,A,2016,7.37633
USA,A,2017,7.36365
G7M,A,1990,13.36886
G7M,A,1995,12.8724
G7M,A,2000,12.61485
G7M,A,2005,12.57656
G7M,A,2010,12.36629
G7M,A,2011,12.61599
G7M,A,2012,11.67199
G7M,A,2013,11.42797
G7M,A,2014,10.83646
G7M,A,2015,10.81525
G7M,A,2016,10.03798
G7M,A,2017,10.04892
AFG,A,1990,64.05923
AFG,A,1995,63.93765
AFG,A,2000,65.1672
AFG,A,2005,64.98111
AFG,A,2010,66.20995
AFG,A,2011,68.18194
AFG,A,2012,65.88746
AFG,A,2013,62.38391
AFG,A,2014,59.56473
AFG,A,2015,62.1258
AFG,A,2016,57.44235
AFG,A,2017,57.96859
ALB,A,1990,22.85328
ALB,A,1995,21.97342
ALB,A,2000,22.37511
ALB,A,2005,21.78893
ALB,A,2010,21.37192
ALB,A,2011,22.96589
ALB,A,2012,21.17497
ALB,A,2013,20.19687
ALB,A,2014,19.28665
ALB,A,2015,19.84378
ALB,A,2016,18.5064
ALB,A,2017,18.59367
DZA,A,1990,37.37666
DZA,A,1995,37.0212
DZA,A,2000,36.50997
DZA,A,2005,35.54758
DZA,A,2010,34.1131
DZA,A,2011,34.017
DZA,A,2012,34.21854
DZA,A,2013,34.91307
DZA,A,2014,36.16571
DZA,A,2015,38.54032
DZA,A,2016,39.10874
DZA,A,2017,39.40822
AGO,A,1990,36.75431
AGO,A,1995,36.34699
AGO,A,2000,35.05411
AGO,A,2005,34.87769
AGO,A,2010,33.04805
AGO,A,2011,33.24009
AGO,A,2012,33.26244
AGO,A,2013,34.51178
AGO,A,2014,33.14034
AGO,A,2015,32.61187
AGO,A,2016,32.55246
AGO,A,2017,32.5582
ARG,A,1990,17.46831
ARG,A,1995,17.63529
ARG,A,2000,17.537
ARG,A,2005,17.27838
ARG,A,2010,17.54763
ARG,A,2011,18.28105
ARG,A,2012,16.72811
ARG,A,2013,16.40784
ARG,A,2014,15.30608
ARG,A,2015,15.12304
ARG,A,2016,14.27303
ARG,A,2017,14.23482
ARM,A,1990,37.8424
ARM,A,1995,36.05054
ARM,A,2000,36.94509
ARM,A,2005,37.25027
ARM,A,2010,37.918
ARM,A,2011,38.82542
ARM,A,2012,37.16772
ARM,A,2013,35.26826
ARM,A,2014,33.19578
ARM,A,2015,34.84461
ARM,A,2016,32.49817
ARM,A,2017,32.63979
AZE,A,1990,24.41096
AZE,A,1995,23.60124
AZE,A,2000,23.89057
AZE,A,2005,23.35418
AZE,A,2010,23.71448
AZE,A,2011,24.46963
AZE,A,2012,23.05358
AZE,A,2013,22.27806
AZE,A,2014,21.31051
AZE,A,2015,22.43594
AZE,A,2016,20.48857
AZE,A,2017,20.7103
BHR,A,1990,71.3095
BHR,A,1995,70.86082
BHR,A,2000,67.26129
BHR,A,2005,63.24386
BHR,A,2010,64.57308
BHR,A,2011,62.82728
BHR,A,2012,70.07303
BHR,A,2013,67.06115
BHR,A,2014,62.69797
BHR,A,2015,71.75526
BHR,A,2016,69.20281
BHR,A,2017,69.88265
BGD,A,1990,61.34614
BGD,A,1995,61.94915
BGD,A,2000,62.68087
BGD,A,2005,67.79119
BGD,A,2010,70.39011
BGD,A,2011,70.82919
BGD,A,2012,70.50447
BGD,A,2013,65.69671
BGD,A,2014,67.43894
BGD,A,2015,67.08007
BGD,A,2016,59.62672
BGD,A,2017,60.5818
BLR,A,1990,25.19035
BLR,A,1995,23.00154
BLR,A,2000,22.88607
BLR,A,2005,22.77316
BLR,A,2010,23.31878
BLR,A,2011,23.13995
BLR,A,2012,21.70759
BLR,A,2013,20.67856
BLR,A,2014,20.00149
BLR,A,2015,20.28957
BLR,A,2016,19.03623
BLR,A,2017,19.04726
BEN,A,1990,39.34834
BEN,A,1995,38.77519
BEN,A,2000,38.78797
BEN,A,2005,33.14255
BEN,A,2010,32.62136
BEN,A,2011,32.05052
BEN,A,2012,33.16417
BEN,A,2013,31.64802
BEN,A,2014,30.18528
BEN,A,2015,40.83546
BEN,A,2016,39.40422
BEN,A,2017,39.74976
BTN,A,1990,37.1771
BTN,A,1995,37.43123
BTN,A,2000,36.95217
BTN,A,2005,39.78274
BTN,A,2010,39.65497
BTN,A,2011,38.77345
BTN,A,2012,38.70409
BTN,A,2013,37.69268
BTN,A,2014,36.52952
BTN,A,2015,35.88962
BTN,A,2016,33.69255
BTN,A,2017,33.95557
BOL,A,1990,25.39021
BOL,A,1995,25.76716
BOL,A,2000,27.36503
BOL,A,2005,30.02403
BOL,A,2010,31.04046
BOL,A,2011,29.18144
BOL,A,2012,27.89628
BOL,A,2013,27.11868
BOL,A,2014,25.72985
BOL,A,2015,23.64304
BOL,A,2016,22.30963
BOL,A,2017,22.23571
BIH,A,1990,35.81201
BIH,A,1995,33.91824
BIH,A,2000,34.13573
BIH,A,2005,34.88487
BIH,A,2010,33.56461
BIH,A,2011,35.52952
BIH,A,2012,32.63229
BIH,A,2013,31.20191
BIH,A,2014,30.02573
BIH,A,2015,30.83203
BIH,A,2016,28.4727
BIH,A,2017,28.6026
BWA,A,1990,25.61617
BWA,A,1995,25.34418
BWA,A,2000,25.1841
BWA,A,2005,25.49218
BWA,A,2010,25.73153
BWA,A,2011,24.92287
BWA,A,2012,25.23922
BWA,A,2013,24.86629
BWA,A,2014,24.23895
BWA,A,2015,24.86712
BWA,A,2016,23.65199
BWA,A,2017,23.67802
BRA,A,1990,15.45155
BRA,A,1995,15.59976
BRA,A,2000,15.93974
BRA,A,2005,15.67449
BRA,A,2010,16.1341
BRA,A,2011,16.19772
BRA,A,2012,15.41592
BRA,A,2013,14.75907
BRA,A,2014,14.17422
BRA,A,2015,13.7389
BRA,A,2016,12.78547
BRA,A,2017,12.82884
BRN,A,1990,6.44366
BRN,A,1995,6.48079
BRN,A,2000,6.68944
BRN,A,2005,7.0694
BRN,A,2010,7.22044
BRN,A,2011,7.16448
BRN,A,2012,7.35001
BRN,A,2013,6.51222
BRN,A,2014,6.02944
BRN,A,2015,6.33828
BRN,A,2016,5.76848
BRN,A,2017,5.75702
BGR,A,1990,28.67637
BGR,A,1995,26.39074
BGR,A,2000,25.33827
BGR,A,2005,24.3186
BGR,A,2010,23.62288
BGR,A,2011,25.44274
BGR,A,2012,23.3744
BGR,A,2013,21.94858
BGR,A,2014,21.61002
BGR,A,2015,21.67672
BGR,A,2016,20.18148
BGR,A,2017,20.28975
BFA,A,1990,45.98025
BFA,A,1995,45.63399
BFA,A,2000,45.37207
BFA,A,2005,39.80252
BFA,A,2010,38.16137
BFA,A,2011,38.00042
BFA,A,2012,37.93977
BFA,A,2013,33.55557
BFA,A,2014,34.87611
BFA,A,2015,46.96575
BFA,A,2016,43.49526
BFA,A,2017,43.92465
BDI,A,1990,40.56
BDI,A,1995,40.47972
BDI,A,2000,40.38272
BDI,A,2005,39.23144
BDI,A,2010,37.82827
BDI,A,2011,39.06109
BDI,A,2012,41.29613
BDI,A,2013,40.7274
BDI,A,2014,39.72707
BDI,A,2015,38.62336
BDI,A,2016,39.017
BDI,A,2017,39.00327
KHM,A,1990,29.50403
KHM,A,1995,29.73909
KHM,A,2000,29.8484
KHM,A,2005,31.41341
KHM,A,2010,31.5127
KHM,A,2011,31.07054
KHM,A,2012,31.07473
KHM,A,2013,30.42878
KHM,A,2014,28.59801
KHM,A,2015,27.32675
KHM,A,2016,25.42756
KHM,A,2017,25.53915
CMR,A,1990,76.08366
CMR,A,1995,74.82898
CMR,A,2000,72.1505
CMR,A,2005,66.26961
CMR,A,2010,61.87267
CMR,A,2011,59.21358
CMR,A,2012,62.54647
CMR,A,2013,59.36916
CMR,A,2014,58.29008
CMR,A,2015,76.13267
CMR,A,2016,73.86702
CMR,A,2017,74.93486
CAF,A,1990,54.19615
CAF,A,1995,53.97322
CAF,A,2000,53.47561
CAF,A,2005,50.8
CAF,A,2010,50.77156
CAF,A,2011,51.60852
CAF,A,2012,52.71746
CAF,A,2013,51.88443
CAF,A,2014,49.59224
CAF,A,2015,57.87464
CAF,A,2016,56.77797
CAF,A,2017,57.22223
TCD,A,1990,64.50606
TCD,A,1995,64.0611
TCD,A,2000,62.92685
TCD,A,2005,59.73738
TCD,A,2010,56.50536
TCD,A,2011,55.68765
TCD,A,2012,57.59585
TCD,A,2013,55.49521
TCD,A,2014,52.70567
TCD,A,2015,68.11538
TCD,A,2016,65.67592
TCD,A,2017,66.25741
CHL,A,1990,27.4469
CHL,A,1995,28.21053
CHL,A,2000,27.49149
CHL,A,2005,27.40818
CHL,A,2010,27.19477
CHL,A,2011,28.59267
CHL,A,2012,26.24838
CHL,A,2013,25.4118
CHL,A,2014,23.99826
CHL,A,2015,23.72539
CHL,A,2016,22.16609
CHL,A,2017,22.13709
CHN,A,1990,58.9615
CHN,A,1995,59.90655
CHN,A,2000,61.35124
CHN,A,2005,66.99273
CHN,A,2010,70.40975
CHN,A,2011,71.47993
CHN,A,2012,64.46735
CHN,A,2013,66.49567
CHN,A,2014,60.52528
CHN,A,2015,60.01398
CHN,A,2016,53.13792
CHN,A,2017,53.45372
COL,A,1990,20.26284
COL,A,1995,20.23903
COL,A,2000,20.78453
COL,A,2005,21.49354
COL,A,2010,21.80063
COL,A,2011,21.52666
COL,A,2012,21.14001
COL,A,2013,20.04309
COL,A,2014,18.84498
COL,A,2015,17.95165
COL,A,2016,16.9985
COL,A,2017,16.91747
COG,A,1990,47.67734
COG,A,1995,47.3689
COG,A,2000,45.59529
COG,A,2005,42.8329
COG,A,2010,43.96408
COG,A,2011,44.27218
COG,A,2012,43.93055
COG,A,2013,45.07891
COG,A,2014,45.00433
COG,A,2015,44.97132
COG,A,2016,47.47106
COG,A,2017,47.43886
CRI,A,1990,18.44969
CRI,A,1995,18.66415
CRI,A,2000,19.7109
CRI,A,2005,19.82595
CRI,A,2010,19.51495
CRI,A,2011,19.90392
CRI,A,2012,19.58392
CRI,A,2013,18.65269
CRI,A,2014,17.86013
CRI,A,2015,16.98939
CRI,A,2016,15.93494
CRI,A,2017,15.85286
CIV,A,1990,25.31224
CIV,A,1995,25.12734
CIV,A,2000,24.8131
CIV,A,2005,21.77185
CIV,A,2010,21.3244
CIV,A,2011,22.8539
CIV,A,2012,22.77987
CIV,A,2013,21.45758
CIV,A,2014,20.67161
CIV,A,2015,26.98857
CIV,A,2016,26.37999
CIV,A,2017,26.46771
HRV,A,1990,21.64819
HRV,A,1995,20.5018
HRV,A,2000,21.23521
HRV,A,2005,21.78639
HRV,A,2010,20.73928
HRV,A,2011,21.65123
HRV,A,2012,19.73537
HRV,A,2013,19.23496
HRV,A,2014,18.27919
HRV,A,2015,19.11256
HRV,A,2016,17.65872
HRV,A,2017,17.72149
CUB,A,1990,23.58625
CUB,A,1995,23.54902
CUB,A,2000,23.95317
CUB,A,2005,23.96738
CUB,A,2010,23.85034
CUB,A,2011,24.4404
CUB,A,2012,23.09024
CUB,A,2013,22.37591
CUB,A,2014,20.91656
CUB,A,2015,20.88716
CUB,A,2016,19.65372
CUB,A,2017,19.63593
CYP,A,1990,19.42981
CYP,A,1995,19.15801
CYP,A,2000,20.93244
CYP,A,2005,20.35955
CYP,A,2010,20.52215
CYP,A,2011,20.60061
CYP,A,2012,19.8866
CYP,A,2013,19.19752
CYP,A,2014,18.95962
CYP,A,2015,19.77939
CYP,A,2016,17.548
CYP,A,2017,17.75193
PRK,A,1990,38.82939
PRK,A,1995,38.70999
PRK,A,2000,39.18504
PRK,A,2005,39.66628
PRK,A,2010,39.4513
PRK,A,2011,39.65942
PRK,A,2012,36.68006
PRK,A,2013,37.68738
PRK,A,2014,35.4536
PRK,A,2015,37.78088
PRK,A,2016,32.03953
PRK,A,2017,32.42833
COD,A,1990,44.77945
COD,A,1995,44.56707
COD,A,2000,44.04668
COD,A,2005,42.45341
COD,A,2010,41.43792
COD,A,2011,41.87642
COD,A,2012,43.39882
COD,A,2013,43.3745
COD,A,2014,42.38747
COD,A,2015,44.58291
COD,A,2016,44.08097
COD,A,2017,44.31301
DOM,A,1990,15.54252
DOM,A,1995,15.6155
DOM,A,2000,16.74389
DOM,A,2005,16.88698
DOM,A,2010,16.93567
DOM,A,2011,17.34286
DOM,A,2012,16.22987
DOM,A,2013,15.72911
DOM,A,2014,14.84532
DOM,A,2015,14.86635
DOM,A,2016,14.00529
DOM,A,2017,14.02285
ECU,A,1990,17.95684
ECU,A,1995,18.19059
ECU,A,2000,19.71126
ECU,A,2005,20.85839
ECU,A,2010,20.9653
ECU,A,2011,20.52275
ECU,A,2012,20.84647
ECU,A,2013,19.21701
ECU,A,2014,17.32958
ECU,A,2015,16.83476
ECU,A,2016,16.07391
ECU,A,2017,15.85361
EGY,A,1990,74.88955
EGY,A,1995,73.43587
EGY,A,2000,72.76637
EGY,A,2005,73.39152
EGY,A,2010,77.90224
EGY,A,2011,70.72968
EGY,A,2012,73.48837
EGY,A,2013,77.50645
EGY,A,2014,76.34488
EGY,A,2015,88.30329
EGY,A,2016,85.43856
EGY,A,2017,86.60764
SLV,A,1990,30.76546
SLV,A,1995,31.17654
SLV,A,2000,32.12153
SLV,A,2005,32.34264
SLV,A,2010,31.47073
SLV,A,2011,33.57182
SLV,A,2012,31.4727
SLV,A,2013,31.46898
SLV,A,2014,27.5767
SLV,A,2015,26.81108
SLV,A,2016,24.96931
SLV,A,2017,24.90166
GNQ,A,1990,54.56965
GNQ,A,1995,53.93721
GNQ,A,2000,52.5064
GNQ,A,2005,46.16914
GNQ,A,2010,47.4026
GNQ,A,2011,47.67971
GNQ,A,2012,46.00419
GNQ,A,2013,44.38007
GNQ,A,2014,46.75787
GNQ,A,2015,53.60076
GNQ,A,2016,55.51752
GNQ,A,2017,55.62151
ERI,A,1990,47.06574
ERI,A,1995,46.72321
ERI,A,2000,46.53185
ERI,A,2005,46.00675
ERI,A,2010,45.2112
ERI,A,2011,45.66154
ERI,A,2012,45.91164
ERI,A,2013,46.86994
ERI,A,2014,43.95205
ERI,A,2015,49.07965
ERI,A,2016,48.90531
ERI,A,2017,48.91276
EST,A,1990,7.3848
EST,A,1995,6.96109
EST,A,2000,8.3655
EST,A,2005,8.55189
EST,A,2010,8.64197
EST,A,2011,8.51723
EST,A,2012,7.96305
EST,A,2013,7.54313
EST,A,2014,7.73599
EST,A,2015,7.09232
EST,A,2016,6.88554
EST,A,2017,6.84199
ETH,A,1990,36.13882
ETH,A,1995,35.92009
ETH,A,2000,35.69883
ETH,A,2005,34.50132
ETH,A,2010,35.38721
ETH,A,2011,36.08137
ETH,A,2012,36.2883
ETH,A,2013,36.07312
ETH,A,2014,35.42387
ETH,A,2015,39.24354
ETH,A,2016,38.5493
ETH,A,2017,38.78116
FJI,A,1990,12.65096
FJI,A,1995,12.67583
FJI,A,2000,13.31589
FJI,A,2005,13.31847
FJI,A,2010,13.4154
FJI,A,2011,13.61201
FJI,A,2012,12.94121
FJI,A,2013,12.21048
FJI,A,2014,11.93149
FJI,A,2015,11.6479
FJI,A,2016,10.95927
FJI,A,2017,10.70372
GAB,A,1990,45.9424
GAB,A,1995,45.61684
GAB,A,2000,43.7579
GAB,A,2005,39.70326
GAB,A,2010,41.79869
GAB,A,2011,41.18657
GAB,A,2012,40.78267
GAB,A,2013,41.11295
GAB,A,2014,42.14668
GAB,A,2015,44.10181
GAB,A,2016,45.55615
GAB,A,2017,45.75431
GMB,A,1990,36.39473
GMB,A,1995,36.20177
GMB,A,2000,34.71012
GMB,A,2005,30.36295
GMB,A,2010,30.66437
GMB,A,2011,29.58941
GMB,A,2012,30.9668
GMB,A,2013,29.44482
GMB,A,2014,30.73496
GMB,A,2015,36.98117
GMB,A,2016,33.29927
GMB,A,2017,34.20643
GEO,A,1990,26.97432
GEO,A,1995,25.63277
GEO,A,2000,26.04188
GEO,A,2005,26.11175
GEO,A,2010,26.50124
GEO,A,2011,26.87644
GEO,A,2012,25.25757
GEO,A,2013,24.2029
GEO,A,2014,23.14596
GEO,A,2015,23.94359
GEO,A,2016,22.0455
GEO,A,2017,22.15483
GHA,A,1990,35.43819
GHA,A,1995,35.02599
GHA,A,2000,34.3947
GHA,A,2005,27.62106
GHA,A,2010,27.32013
GHA,A,2011,28.30862
GHA,A,2012,28.705
GHA,A,2013,27.55132
GHA,A,2014,25.77033
GHA,A,2015,34.37018
GHA,A,2016,34.9148
GHA,A,2017,35.07234
GTM,A,1990,30.00882
GTM,A,1995,30.49816
GTM,A,2000,31.3118
GTM,A,2005,31.49118
GTM,A,2010,30.35342
GTM,A,2011,31.9247
GTM,A,2012,30.30728
GTM,A,2013,30.48031
GTM,A,2014,26.71333
GTM,A,2015,25.74937
GTM,A,2016,23.97902
GTM,A,2017,23.97105
GIN,A,1990,24.40209
GIN,A,1995,24.27165
GIN,A,2000,23.72882
GIN,A,2005,22.21645
GIN,A,2010,22.23994
GIN,A,2011,22.46584
GIN,A,2012,22.9692
GIN,A,2013,20.95859
GIN,A,2014,21.09061
GIN,A,2015,25.9645
GIN,A,2016,24.68232
GIN,A,2017,24.81071
GNB,A,1990,31.25509
GNB,A,1995,31.12459
GNB,A,2000,30.19495
GNB,A,2005,26.7217
GNB,A,2010,27.13185
GNB,A,2011,26.62058
GNB,A,2012,26.9839
GNB,A,2013,25.70857
GNB,A,2014,26.23562
GNB,A,2015,32.22759
GNB,A,2016,29.47675
GNB,A,2017,29.96029
HTI,A,1990,15.85471
HTI,A,1995,15.90913
HTI,A,2000,18.7535
HTI,A,2005,18.98151
HTI,A,2010,19.11384
HTI,A,2011,19.6115
HTI,A,2012,18.31094
HTI,A,2013,17.7733
HTI,A,2014,16.78086
HTI,A,2015,16.81293
HTI,A,2016,15.83285
HTI,A,2017,15.84877
HND,A,1990,26.88935
HND,A,1995,27.27068
HND,A,2000,27.53127
HND,A,2005,28.22997
HND,A,2010,27.59931
HND,A,2011,29.61501
HND,A,2012,27.62052
HND,A,2013,27.92041
HND,A,2014,23.80505
HND,A,2015,22.93926
HND,A,2016,21.26648
HND,A,2017,21.08948
HKG,A,1990,28.6922
HKG,A,1995,28.9911
HKG,A,2000,31.5357
HKG,A,2005,35.5136
HKG,A,2010,34.5114
HKG,A,2011,36.0175
HKG,A,2012,33.0372
HKG,A,2013,32.0219
HKG,A,2014,31.0061
HKG,A,2015,28.542
HKG,A,2016,26.292
HKG,A,2017,26.1767
IND,A,1990,81.68808
IND,A,1995,82.30693
IND,A,2000,84.69884
IND,A,2005,89.24728
IND,A,2010,96.34674
IND,A,2011,97.19111
IND,A,2012,88.09092
IND,A,2013,91.98473
IND,A,2014,89.44603
IND,A,2015,88.64802
IND,A,2016,89.88269
IND,A,2017,90.2457
IDN,A,1990,17.76117
IDN,A,1995,17.8313
IDN,A,2000,18.11363
IDN,A,2005,19.18146
IDN,A,2010,18.4647
IDN,A,2011,18.23171
IDN,A,2012,18.40013
IDN,A,2013,17.08493
IDN,A,2014,16.74728
IDN,A,2015,16.82191
IDN,A,2016,16.62931
IDN,A,2017,16.70816
IRN,A,1990,39.06871
IRN,A,1995,38.65057
IRN,A,2000,38.99139
IRN,A,2005,38.19342
IRN,A,2010,38.91465
IRN,A,2011,38.45263
IRN,A,2012,38.80363
IRN,A,2013,38.42392
IRN,A,2014,38.27532
IRN,A,2015,39.97714
IRN,A,2016,39.19964
IRN,A,2017,39.32537
IRQ,A,1990,65.00603
IRQ,A,1995,64.37817
IRQ,A,2000,64.04401
IRQ,A,2005,62.86515
IRQ,A,2010,67.41719
IRQ,A,2011,66.24961
IRQ,A,2012,66.52124
IRQ,A,2013,63.6222
IRQ,A,2014,56.70113
IRQ,A,2015,66.99017
IRQ,A,2016,63.09981
IRQ,A,2017,62.50039
ISR,A,1990,23.25068
ISR,A,1995,23.01753
ISR,A,2000,24.21463
ISR,A,2005,22.77949
ISR,A,2010,23.78346
ISR,A,2011,23.65687
ISR,A,2012,22.81231
ISR,A,2013,22.70588
ISR,A,2014,21.84987
ISR,A,2015,22.27252
ISR,A,2016,20.62678
ISR,A,2017,20.8113
JAM,A,1990,15.21366
JAM,A,1995,15.23596
JAM,A,2000,17.04991
JAM,A,2005,17.11587
JAM,A,2010,17.15154
JAM,A,2011,17.55458
JAM,A,2012,16.53094
JAM,A,2013,15.98303
JAM,A,2014,15.00821
JAM,A,2015,15.01466
JAM,A,2016,14.14179
JAM,A,2017,14.14669
JOR,A,1990,33.62804
JOR,A,1995,33.35035
JOR,A,2000,33.19724
JOR,A,2005,32.23878
JOR,A,2010,33.22224
JOR,A,2011,32.54191
JOR,A,2012,32.42715
JOR,A,2013,33.13353
JOR,A,2014,32.78309
JOR,A,2015,33.41103
JOR,A,2016,32.61449
JOR,A,2017,32.75142
KAZ,A,1990,16.86033
KAZ,A,1995,15.9929
KAZ,A,2000,15.51696
KAZ,A,2005,15.52287
KAZ,A,2010,16.1847
KAZ,A,2011,16.52829
KAZ,A,2012,15.7618
KAZ,A,2013,15.53723
KAZ,A,2014,14.18254
KAZ,A,2015,14.60908
KAZ,A,2016,13.96735
KAZ,A,2017,13.96957
KEN,A,1990,28.59553
KEN,A,1995,28.4841
KEN,A,2000,28.25798
KEN,A,2005,27.39153
KEN,A,2010,28.02632
KEN,A,2011,28.59419
KEN,A,2012,29.15932
KEN,A,2013,28.76373
KEN,A,2014,28.83454
KEN,A,2015,28.23844
KEN,A,2016,28.30925
KEN,A,2017,28.26605
KWT,A,1990,62.82934
KWT,A,1995,62.47692
KWT,A,2000,61.28498
KWT,A,2005,58.65253
KWT,A,2010,62.24197
KWT,A,2011,62.3786
KWT,A,2012,63.6801
KWT,A,2013,62.0101
KWT,A,2014,55.44868
KWT,A,2015,64.36511
KWT,A,2016,60.61218
KWT,A,2017,60.44517
KGZ,A,1990,27.6157
KGZ,A,1995,26.70683
KGZ,A,2000,26.8069
KGZ,A,2005,26.62692
KGZ,A,2010,26.85727
KGZ,A,2011,27.62501
KGZ,A,2012,25.63591
KGZ,A,2013,25.54507
KGZ,A,2014,23.65541
KGZ,A,2015,24.41917
KGZ,A,2016,22.84853
KGZ,A,2017,22.93337
LAO,A,1990,27.20397
LAO,A,1995,27.44958
LAO,A,2000,28.38964
LAO,A,2005,30.8789
LAO,A,2010,32.0168
LAO,A,2011,30.6099
LAO,A,2012,30.92764
LAO,A,2013,30.71191
LAO,A,2014,29.13702
LAO,A,2015,26.48857
LAO,A,2016,25.5777
LAO,A,2017,25.69418
LVA,A,1990,20.44904
LVA,A,1995,18.73905
LVA,A,2000,17.68811
LVA,A,2005,17.75161
LVA,A,2010,17.91547
LVA,A,2011,17.35451
LVA,A,2012,16.37997
LVA,A,2013,15.5543
LVA,A,2014,15.70783
LVA,A,2015,14.68759
LVA,A,2016,14.23517
LVA,A,2017,14.10963
LBN,A,1990,32.30809
LBN,A,1995,31.93004
LBN,A,2000,31.16934
LBN,A,2005,30.76308
LBN,A,2010,31.40688
LBN,A,2011,30.63292
LBN,A,2012,30.6295
LBN,A,2013,31.23587
LBN,A,2014,31.24514
LBN,A,2015,31.64924
LBN,A,2016,30.98635
LBN,A,2017,31.1494
LSO,A,1990,31.32496
LSO,A,1995,31.64339
LSO,A,2000,31.52358
LSO,A,2005,30.61213
LSO,A,2010,32.63637
LSO,A,2011,31.67694
LSO,A,2012,31.46535
LSO,A,2013,32.06479
LSO,A,2014,33.38049
LSO,A,2015,31.14441
LSO,A,2016,28.4775
LSO,A,2017,28.14714
LBR,A,1990,17.75037
LBR,A,1995,17.63758
LBR,A,2000,16.8773
LBR,A,2005,15.81926
LBR,A,2010,14.80432
LBR,A,2011,16.01825
LBR,A,2012,16.41993
LBR,A,2013,15.25652
LBR,A,2014,14.85123
LBR,A,2015,18.12124
LBR,A,2016,17.56124
LBR,A,2017,17.66819
LBY,A,1990,46.55157
LBY,A,1995,45.92887
LBY,A,2000,45.31487
LBY,A,2005,47.26442
LBY,A,2010,50.31
LBY,A,2011,44.79314
LBY,A,2012,44.4165
LBY,A,2013,48.92425
LBY,A,2014,47.76794
LBY,A,2015,49.76922
LBY,A,2016,53.13918
LBY,A,2017,53.27054
LIE,A,1990,16.47198
LIE,A,1995,15.70122
LIE,A,2000,19.26602
LIE,A,2005,19.45382
LIE,A,2010,19.21737
LIE,A,2011,19.78489
LIE,A,2012,18.60859
LIE,A,2013,17.82669
LIE,A,2014,17.20002
LIE,A,2015,16.69811
LIE,A,2016,15.3174
LIE,A,2017,15.30111
LTU,A,1990,16.3171
LTU,A,1995,15.00356
LTU,A,2000,14.55198
LTU,A,2005,14.53255
LTU,A,2010,14.97421
LTU,A,2011,14.54603
LTU,A,2012,13.7674
LTU,A,2013,13.01484
LTU,A,2014,12.85851
LTU,A,2015,12.49352
LTU,A,2016,11.93642
LTU,A,2017,11.90224
MKD,A,1990,44.83852
MKD,A,1995,42.21598
MKD,A,2000,40.47037
MKD,A,2005,39.09995
MKD,A,2010,37.75223
MKD,A,2011,41.73443
MKD,A,2012,38.17382
MKD,A,2013,35.49864
MKD,A,2014,35.28857
MKD,A,2015,35.27618
MKD,A,2016,32.71038
MKD,A,2017,32.98315
MDG,A,1990,22.38496
MDG,A,1995,22.31436
MDG,A,2000,22.1251
MDG,A,2005,23.08144
MDG,A,2010,22.9041
MDG,A,2011,23.33351
MDG,A,2012,22.70215
MDG,A,2013,23.9083
MDG,A,2014,23.36211
MDG,A,2015,22.97148
MDG,A,2016,22.36961
MDG,A,2017,22.39592
MWI,A,1990,26.68048
MWI,A,1995,26.46705
MWI,A,2000,26.44238
MWI,A,2005,25.22705
MWI,A,2010,25.17061
MWI,A,2011,25.42368
MWI,A,2012,26.14902
MWI,A,2013,25.02918
MWI,A,2014,25.32459
MWI,A,2015,24.41097
MWI,A,2016,23.65166
MWI,A,2017,23.50127
MYS,A,1990,16.87235
MYS,A,1995,17.0698
MYS,A,2000,18.03328
MYS,A,2005,19.44459
MYS,A,2010,18.9064
MYS,A,2011,19.45979
MYS,A,2012,19.48897
MYS,A,2013,17.59742
MYS,A,2014,17.10049
MYS,A,2015,17.50042
MYS,A,2016,15.95516
MYS,A,2017,16.03565
MLI,A,1990,40.96421
MLI,A,1995,40.70034
MLI,A,2000,39.94619
MLI,A,2005,36.36214
MLI,A,2010,36.0441
MLI,A,2011,35.99265
MLI,A,2012,36.40619
MLI,A,2013,31.91892
MLI,A,2014,33.77617
MLI,A,2015,42.41006
MLI,A,2016,39.22596
MLI,A,2017,39.4566
MLT,A,1990,16.40528
MLT,A,1995,16.20871
MLT,A,2000,16.44453
MLT,A,2005,16.00136
MLT,A,2010,16.37202
MLT,A,2011,16.51354
MLT,A,2012,15.33274
MLT,A,2013,15.12213
MLT,A,2014,14.36071
MLT,A,2015,14.65287
MLT,A,2016,13.71946
MLT,A,2017,13.81512
MRT,A,1990,50.24592
MRT,A,1995,49.98789
MRT,A,2000,48.66013
MRT,A,2005,41.33894
MRT,A,2010,39.72053
MRT,A,2011,40.72392
MRT,A,2012,41.87991
MRT,A,2013,39.72192
MRT,A,2014,42.52832
MRT,A,2015,49.91528
MRT,A,2016,45.9216
MRT,A,2017,47.0745
MUS,A,1990,15.93441
MUS,A,1995,15.92462
MUS,A,2000,15.70997
MUS,A,2005,15.91061
MUS,A,2010,15.63458
MUS,A,2011,15.55753
MUS,A,2012,15.65065
MUS,A,2013,15.8762
MUS,A,2014,15.72334
MUS,A,2015,14.86748
MUS,A,2016,14.83558
MUS,A,2017,14.8634
MDA,A,1990,22.90605
MDA,A,1995,20.95937
MDA,A,2000,19.88338
MDA,A,2005,19.38335
MDA,A,2010,19.59549
MDA,A,2011,20.27335
MDA,A,2012,18.86162
MDA,A,2013,17.78375
MDA,A,2014,17.01331
MDA,A,2015,17.35586
MDA,A,2016,16.56759
MDA,A,2017,16.57612
MNG,A,1990,37.34036
MNG,A,1995,36.40016
MNG,A,2000,41.73817
MNG,A,2005,41.60434
MNG,A,2010,49.655
MNG,A,2011,51.38437
MNG,A,2012,48.4056
MNG,A,2013,46.83023
MNG,A,2014,43.89997
MNG,A,2015,46.27494
MNG,A,2016,42.83627
MNG,A,2017,43.17646
MAR,A,1990,31.09854
MAR,A,1995,30.98883
MAR,A,2000,30.70875
MAR,A,2005,30.73572
MAR,A,2010,29.56647
MAR,A,2011,28.73179
MAR,A,2012,28.17719
MAR,A,2013,29.39532
MAR,A,2014,29.89208
MAR,A,2015,32.23189
MAR,A,2016,32.5327
MAR,A,2017,32.68699
MOZ,A,1990,23.1484
MOZ,A,1995,22.94118
MOZ,A,2000,22.82723
MOZ,A,2005,22.70332
MOZ,A,2010,22.82084
MOZ,A,2011,22.73316
MOZ,A,2012,22.98119
MOZ,A,2013,22.82315
MOZ,A,2014,22.6213
MOZ,A,2015,21.90793
MOZ,A,2016,21.38332
MOZ,A,2017,21.30045
MMR,A,1990,37.28878
MMR,A,1995,37.45148
MMR,A,2000,40.44901
MMR,A,2005,43.25809
MMR,A,2010,44.09109
MMR,A,2011,44.00993
MMR,A,2012,42.83185
MMR,A,2013,43.62311
MMR,A,2014,40.91821
MMR,A,2015,39.04356
MMR,A,2016,36.29905
MMR,A,2017,36.39681
NAM,A,1990,28.78275
NAM,A,1995,28.33615
NAM,A,2000,27.56505
NAM,A,2005,27.57008
NAM,A,2010,27.04992
NAM,A,2011,27.10639
NAM,A,2012,26.69217
NAM,A,2013,27.0244
NAM,A,2014,26.19398
NAM,A,2015,26.44961
NAM,A,2016,25.48496
NAM,A,2017,25.48976
NPL,A,1990,80.1464
NPL,A,1995,80.76123
NPL,A,2000,90.32223
NPL,A,2005,91.13731
NPL,A,2010,103.08176
NPL,A,2011,102.07172
NPL,A,2012,98.70473
NPL,A,2013,98.69105
NPL,A,2014,98.24372
NPL,A,2015,97.76313
NPL,A,2016,99.18209
NPL,A,2017,99.88675
NIC,A,1990,22.487
NIC,A,1995,22.78652
NIC,A,2000,23.55729
NIC,A,2005,23.82819
NIC,A,2010,22.72482
NIC,A,2011,23.40022
NIC,A,2012,22.99258
NIC,A,2013,22.37359
NIC,A,2014,19.95491
NIC,A,2015,18.96647
NIC,A,2016,17.95188
NIC,A,2017,17.93724
NER,A,1990,88.22949
NER,A,1995,87.36085
NER,A,2000,87.45031
NER,A,2005,74.6421
NER,A,2010,71.87473
NER,A,2011,74.27868
NER,A,2012,71.36523
NER,A,2013,61.83236
NER,A,2014,60.49306
NER,A,2015,91.30798
NER,A,2016,94.05583
NER,A,2017,94.11647
NGA,A,1990,71.65045
NGA,A,1995,70.24402
NGA,A,2000,68.79839
NGA,A,2005,59.1931
NGA,A,2010,53.35492
NGA,A,2011,52.82125
NGA,A,2012,55.81636
NGA,A,2013,49.55559
NGA,A,2014,49.1655
NGA,A,2015,73.74509
NGA,A,2016,69.11995
NGA,A,2017,70.1165
OMN,A,1990,40.71102
OMN,A,1995,40.5728
OMN,A,2000,40.09829
OMN,A,2005,39.59473
OMN,A,2010,38.64392
OMN,A,2011,39.3796
OMN,A,2012,40.38739
OMN,A,2013,40.12275
OMN,A,2014,38.4302
OMN,A,2015,42.70672
OMN,A,2016,41.28791
OMN,A,2017,41.69611
PAK,A,1990,62.07386
PAK,A,1995,62.30416
PAK,A,2000,63.35263
PAK,A,2005,64.2634
PAK,A,2010,68.93528
PAK,A,2011,68.92924
PAK,A,2012,63.65001
PAK,A,2013,62.42097
PAK,A,2014,60.15425
PAK,A,2015,61.80385
PAK,A,2016,60.01373
PAK,A,2017,60.31662
PAN,A,1990,13.1765
PAN,A,1995,13.22536
PAN,A,2000,14.30167
PAN,A,2005,14.18063
PAN,A,2010,14.10429
PAN,A,2011,14.33804
PAN,A,2012,14.03887
PAN,A,2013,13.44353
PAN,A,2014,12.92053
PAN,A,2015,12.48661
PAN,A,2016,11.48191
PAN,A,2017,11.45814
PNG,A,1990,14.47856
PNG,A,1995,14.50048
PNG,A,2000,14.97749
PNG,A,2005,14.66766
PNG,A,2010,15.01703
PNG,A,2011,15.42227
PNG,A,2012,15.09055
PNG,A,2013,14.09513
PNG,A,2014,13.19149
PNG,A,2015,13.24193
PNG,A,2016,12.65418
PNG,A,2017,12.41087
PRY,A,1990,14.27238
PRY,A,1995,14.36471
PRY,A,2000,14.36593
PRY,A,2005,15.16004
PRY,A,2010,15.18684
PRY,A,2011,14.92917
PRY,A,2012,14.20825
PRY,A,2013,13.26181
PRY,A,2014,12.8652
PRY,A,2015,13.28752
PRY,A,2016,12.00089
PRY,A,2017,12.04507
PER,A,1990,27.66693
PER,A,1995,29.03369
PER,A,2000,31.75366
PER,A,2005,32.83602
PER,A,2010,33.42948
PER,A,2011,33.43745
PER,A,2012,31.74394
PER,A,2013,31.04621
PER,A,2014,28.84272
PER,A,2015,27.02309
PER,A,2016,26.10735
PER,A,2017,26.03583
PHL,A,1990,20.42172
PHL,A,1995,20.52055
PHL,A,2000,22.31534
PHL,A,2005,22.75892
PHL,A,2010,23.26161
PHL,A,2011,22.7429
PHL,A,2012,22.39812
PHL,A,2013,21.14424
PHL,A,2014,20.20149
PHL,A,2015,19.47157
PHL,A,2016,18.18781
PHL,A,2017,18.17468
QAT,A,1990,97.6778
QAT,A,1995,97.009
QAT,A,2000,94.62945
QAT,A,2005,96.15747
QAT,A,2010,82.94029
QAT,A,2011,80.83203
QAT,A,2012,88.27248
QAT,A,2013,87.66884
QAT,A,2014,77.95279
QAT,A,2015,94.29563
QAT,A,2016,88.48819
QAT,A,2017,89.72286
ROU,A,1990,20.30069
ROU,A,1995,18.48513
ROU,A,2000,17.90637
ROU,A,2005,17.38993
ROU,A,2010,17.37133
ROU,A,2011,18.13114
ROU,A,2012,16.57771
ROU,A,2013,15.76074
ROU,A,2014,15.15668
ROU,A,2015,15.49321
ROU,A,2016,14.64014
ROU,A,2017,14.6146
RUS,A,1990,20.55685
RUS,A,1995,19.10369
RUS,A,2000,19.06392
RUS,A,2005,18.92778
RUS,A,2010,19.49925
RUS,A,2011,19.21395
RUS,A,2012,18.30486
RUS,A,2013,17.77876
RUS,A,2014,16.50795
RUS,A,2015,16.85602
RUS,A,2016,16.18702
RUS,A,2017,16.17072
RWA,A,1990,44.186
RWA,A,1995,44.10913
RWA,A,2000,43.85015
RWA,A,2005,41.75593
RWA,A,2010,41.13743
RWA,A,2011,41.72522
RWA,A,2012,45.27451
RWA,A,2013,43.92714
RWA,A,2014,42.88814
RWA,A,2015,42.087
RWA,A,2016,43.37948
RWA,A,2017,43.27236
SAU,A,1990,84.39976
SAU,A,1995,83.7473
SAU,A,2000,83.43883
SAU,A,2005,81.50582
SAU,A,2010,87.28471
SAU,A,2011,86.88459
SAU,A,2012,91.45793
SAU,A,2013,89.52731
SAU,A,2014,79.90519
SAU,A,2015,103.19324
SAU,A,2016,89.9967
SAU,A,2017,92.36789
SEN,A,1990,42.75617
SEN,A,1995,42.56153
SEN,A,2000,41.6103
SEN,A,2005,35.73853
SEN,A,2010,34.80469
SEN,A,2011,34.76777
SEN,A,2012,36.39903
SEN,A,2013,34.905
SEN,A,2014,37.38109
SEN,A,2015,44.35833
SEN,A,2016,39.32887
SEN,A,2017,40.68125
SLE,A,1990,21.04449
SLE,A,1995,20.96086
SLE,A,2000,20.26591
SLE,A,2005,18.96209
SLE,A,2010,18.23262
SLE,A,2011,19.17732
SLE,A,2012,19.92648
SLE,A,2013,18.11009
SLE,A,2014,17.96109
SLE,A,2015,22.09809
SLE,A,2016,21.35094
SLE,A,2017,21.44909
SGP,A,1990,17.87501
SGP,A,1995,18.04958
SGP,A,2000,19.73219
SGP,A,2005,21.22971
SGP,A,2010,21.33424
SGP,A,2011,20.09103
SGP,A,2012,21.57594
SGP,A,2013,19.47364
SGP,A,2014,18.06684
SGP,A,2015,21.40188
SGP,A,2016,19.42885
SGP,A,2017,19.72147
SVN,A,1990,21.3799
SVN,A,1995,20.15176
SVN,A,2000,19.61586
SVN,A,2005,19.86211
SVN,A,2010,19.014
SVN,A,2011,19.86508
SVN,A,2012,17.99879
SVN,A,2013,17.82317
SVN,A,2014,17.02368
SVN,A,2015,17.52007
SVN,A,2016,16.14072
SVN,A,2017,16.25411
SOM,A,1990,31.85749
SOM,A,1995,31.78662
SOM,A,2000,31.55518
SOM,A,2005,29.77776
SOM,A,2010,30.12537
SOM,A,2011,30.51263
SOM,A,2012,30.89671
SOM,A,2013,30.14588
SOM,A,2014,30.15917
SOM,A,2015,31.77845
SOM,A,2016,32.2887
SOM,A,2017,32.31047
ZAF,A,1990,26.06755
ZAF,A,1995,26.19402
ZAF,A,2000,26.43613
ZAF,A,2005,25.93705
ZAF,A,2010,27.03477
ZAF,A,2011,26.65404
ZAF,A,2012,26.5305
ZAF,A,2013,26.60529
ZAF,A,2014,26.53191
ZAF,A,2015,25.8681
ZAF,A,2016,24.99192
ZAF,A,2017,24.95864
LKA,A,1990,28.56842
LKA,A,1995,28.66138
LKA,A,2000,30.58494
LKA,A,2005,31.10129
LKA,A,2010,30.79598
LKA,A,2011,31.29746
LKA,A,2012,29.79453
LKA,A,2013,28.93341
LKA,A,2014,27.15613
LKA,A,2015,25.61748
LKA,A,2016,14.37447
LKA,A,2017,11.34552
SDN,A,1990,53.34959
SDN,A,1995,53.02612
SDN,A,2000,52.46112
SDN,A,2005,51.92949
SDN,A,2010,50.44792
SDN,A,2011,51.20807
SDN,A,2012,51.38158
SDN,A,2013,51.24384
SDN,A,2014,48.00584
SDN,A,2015,58.08524
SDN,A,2016,56.78116
SDN,A,2017,56.99521
SWZ,A,1990,18.61308
SWZ,A,1995,18.59219
SWZ,A,2000,18.41568
SWZ,A,2005,18.27507
SWZ,A,2010,18.41135
SWZ,A,2011,18.08555
SWZ,A,2012,18.03523
SWZ,A,2013,18.26988
SWZ,A,2014,17.95565
SWZ,A,2015,17.83672
SWZ,A,2016,17.20661
SWZ,A,2017,17.19315
SYR,A,1990,43.14871
SYR,A,1995,42.52437
SYR,A,2000,42.47435
SYR,A,2005,40.49603
SYR,A,2010,42.9621
SYR,A,2011,41.60923
SYR,A,2012,41.64679
SYR,A,2013,42.52161
SYR,A,2014,42.00544
SYR,A,2015,44.9207
SYR,A,2016,43.96978
SYR,A,2017,44.24641
TJK,A,1990,55.77806
TJK,A,1995,53.1523
TJK,A,2000,53.70499
TJK,A,2005,52.40102
TJK,A,2010,53.20374
TJK,A,2011,57.72223
TJK,A,2012,51.94723
TJK,A,2013,50.68889
TJK,A,2014,48.61762
TJK,A,2015,50.31977
TJK,A,2016,46.60331
TJK,A,2017,46.97231
TZA,A,1990,29.47303
TZA,A,1995,29.35105
TZA,A,2000,28.95597
TZA,A,2005,28.32883
TZA,A,2010,28.28649
TZA,A,2011,28.77032
TZA,A,2012,29.66925
TZA,A,2013,29.67957
TZA,A,2014,29.06106
TZA,A,2015,27.84181
TZA,A,2016,28.41141
TZA,A,2017,28.336
THA,A,1990,30.56628
THA,A,1995,30.78688
THA,A,2000,31.05364
THA,A,2005,31.76593
THA,A,2010,31.63713
THA,A,2011,31.44472
THA,A,2012,31.67575
THA,A,2013,31.40971
THA,A,2014,29.55148
THA,A,2015,27.26537
THA,A,2016,26.26959
THA,A,2017,26.33683
TLS,A,1990,23.71565
TLS,A,1995,23.72739
TLS,A,2000,23.93893
TLS,A,2005,24.03641
TLS,A,2010,24.25482
TLS,A,2011,24.90539
TLS,A,2012,23.21984
TLS,A,2013,22.61077
TLS,A,2014,21.24261
TLS,A,2015,21.59563
TLS,A,2016,20.29761
TLS,A,2017,20.32858
TGO,A,1990,38.69794
TGO,A,1995,38.18585
TGO,A,2000,37.30774
TGO,A,2005,31.18146
TGO,A,2010,30.23012
TGO,A,2011,30.27138
TGO,A,2012,31.00659
TGO,A,2013,29.67281
TGO,A,2014,28.24706
TGO,A,2015,37.72783
TGO,A,2016,36.84252
TGO,A,2017,37.13062
TTO,A,1990,26.75099
TTO,A,1995,26.78105
TTO,A,2000,29.02539
TTO,A,2005,29.28379
TTO,A,2010,29.18817
TTO,A,2011,30.06279
TTO,A,2012,28.05243
TTO,A,2013,27.17874
TTO,A,2014,25.61684
TTO,A,2015,25.52393
TTO,A,2016,24.15328
TTO,A,2017,24.1692
TUN,A,1990,37.04492
TUN,A,1995,36.6035
TUN,A,2000,35.86088
TUN,A,2005,34.10043
TUN,A,2010,35.66684
TUN,A,2011,34.11286
TUN,A,2012,33.2839
TUN,A,2013,35.55673
TUN,A,2014,35.31076
TUN,A,2015,36.21296
TUN,A,2016,38.14996
TUN,A,2017,38.15849
TKM,A,1990,26.84804
TKM,A,1995,26.57922
TKM,A,2000,25.94193
TKM,A,2005,25.08414
TKM,A,2010,25.77848
TKM,A,2011,26.88708
TKM,A,2012,24.6421
TKM,A,2013,24.20749
TKM,A,2014,22.98193
TKM,A,2015,24.02657
TKM,A,2016,22.57879
TKM,A,2017,22.64587
UGA,A,1990,48.00757
UGA,A,1995,47.81329
UGA,A,2000,47.31817
UGA,A,2005,45.12179
UGA,A,2010,45.05544
UGA,A,2011,46.75428
UGA,A,2012,48.55822
UGA,A,2013,47.78235
UGA,A,2014,47.05847
UGA,A,2015,49.25251
UGA,A,2016,50.43938
UGA,A,2017,50.53365
UKR,A,1990,28.16855
UKR,A,1995,25.64035
UKR,A,2000,24.68999
UKR,A,2005,24.15916
UKR,A,2010,23.98277
UKR,A,2011,24.92005
UKR,A,2012,22.93833
UKR,A,2013,21.9633
UKR,A,2014,20.76782
UKR,A,2015,21.60292
UKR,A,2016,20.68093
UKR,A,2017,20.69818
ARE,A,1990,39.79089
ARE,A,1995,39.6156
ARE,A,2000,38.94253
ARE,A,2005,38.45091
ARE,A,2010,38.42097
ARE,A,2011,38.5061
ARE,A,2012,39.53375
ARE,A,2013,39.21337
ARE,A,2014,37.10861
ARE,A,2015,42.29151
ARE,A,2016,40.25735
ARE,A,2017,40.64907
URY,A,1990,10.67775
URY,A,1995,10.7178
URY,A,2000,11.29694
URY,A,2005,10.86347
URY,A,2010,10.99536
URY,A,2011,11.54488
URY,A,2012,10.60981
URY,A,2013,10.37375
URY,A,2014,9.84949
URY,A,2015,9.53383
URY,A,2016,9.08662
URY,A,2017,9.07625
UZB,A,1990,38.31498
UZB,A,1995,36.71774
UZB,A,2000,35.38113
UZB,A,2005,34.79456
UZB,A,2010,35.31725
UZB,A,2011,37.26758
UZB,A,2012,34.4109
UZB,A,2013,33.79818
UZB,A,2014,31.77557
UZB,A,2015,32.97077
UZB,A,2016,31.4066
UZB,A,2017,31.45703
VEN,A,1990,21.49568
VEN,A,1995,21.28531
VEN,A,2000,22.3881
VEN,A,2005,22.43718
VEN,A,2010,22.82095
VEN,A,2011,22.61438
VEN,A,2012,22.21256
VEN,A,2013,21.0397
VEN,A,2014,19.54532
VEN,A,2015,19.17222
VEN,A,2016,17.45673
VEN,A,2017,17.39899
VNM,A,1990,35.94704
VNM,A,1995,36.22296
VNM,A,2000,36.34048
VNM,A,2005,38.0482
VNM,A,2010,39.13001
VNM,A,2011,38.93973
VNM,A,2012,37.34854
VNM,A,2013,36.70261
VNM,A,2014,34.62152
VNM,A,2015,32.55993
VNM,A,2016,30.30778
VNM,A,2017,30.3312
YEM,A,1990,50.06723
YEM,A,1995,49.78786
YEM,A,2000,49.5496
YEM,A,2005,46.35852
YEM,A,2010,46.20491
YEM,A,2011,49.95582
YEM,A,2012,51.98188
YEM,A,2013,51.20997
YEM,A,2014,47.78693
YEM,A,2015,54.62559
YEM,A,2016,50.58668
YEM,A,2017,51.63549
ZMB,A,1990,31.68323
ZMB,A,1995,30.93146
ZMB,A,2000,30.54155
ZMB,A,2005,29.11694
ZMB,A,2010,28.87954
ZMB,A,2011,28.92083
ZMB,A,2012,29.42899
ZMB,A,2013,29.13463
ZMB,A,2014,28.71523
ZMB,A,2015,28.50506
ZMB,A,2016,27.74189
ZMB,A,2017,27.74442
ZWE,A,1990,23.92766
ZWE,A,1995,23.36164
ZWE,A,2000,23.17402
ZWE,A,2005,22.91417
ZWE,A,2010,22.97476
ZWE,A,2011,22.92004
ZWE,A,2012,23.259
ZWE,A,2013,22.86794
ZWE,A,2014,22.96328
ZWE,A,2015,22.18765
ZWE,A,2016,21.89786
ZWE,A,2017,21.82037
WLD,A,1990,43.2008
WLD,A,1995,43.21338
WLD,A,2000,44.95697
WLD,A,2005,46.73626
WLD,A,2010,49.57348
WLD,A,2011,49.94621
WLD,A,2012,46.66223
WLD,A,2013,47.17097
WLD,A,2014,44.95557
WLD,A,2015,46.04873
WLD,A,2016,43.9457
WLD,A,2017,44.17191
MAC,A,1990,29.6597
MAC,A,1995,30.0823
MAC,A,2000,35.5274
MAC,A,2005,40.4372
MAC,A,2010,40.3612
MAC,A,2011,41.2554
MAC,A,2012,37.589
MAC,A,2013,36.1638
MAC,A,2014,35.7861
MAC,A,2015,32.1936
MAC,A,2016,29.7396
MAC,A,2017,29.8558
SRB,A,1990,30.85338
SRB,A,1995,29.0237
SRB,A,2000,29.51981
SRB,A,2005,29.75902
SRB,A,2010,29.57478
SRB,A,2011,31.70719
SRB,A,2012,28.85577
SRB,A,2013,27.15739
SRB,A,2014,26.46927
SRB,A,2015,26.90172
SRB,A,2016,25.01658
SRB,A,2017,25.05095
MNE,A,1990,29.6711
MNE,A,1995,28.35334
MNE,A,2000,27.76629
MNE,A,2005,27.63628
MNE,A,2010,26.1607
MNE,A,2011,27.96999
MNE,A,2012,26.01129
MNE,A,2013,24.39852
MNE,A,2014,23.26051
MNE,A,2015,24.05459
MNE,A,2016,22.22353
MNE,A,2017,22.29501
G20,A,1990,44.08751
G20,A,1995,44.24751
G20,A,2000,46.39722
G20,A,2005,49.19458
G20,A,2010,53.26457
G20,A,2011,53.86718
G20,A,2012,49.08613
G20,A,2013,50.46665
G20,A,2014,47.6553
G20,A,2015,47.42875
G20,A,2016,45.24891
G20,A,2017,45.45777
EU28,A,1990,17.90088
EU28,A,1995,16.7255
EU28,A,2000,16.17712
EU28,A,2005,15.9902
EU28,A,2010,16.00169
EU28,A,2011,16.18575
EU28,A,2012,14.91474
EU28,A,2013,14.4397
EU28,A,2014,13.83509
EU28,A,2015,13.97431
EU28,A,2016,13.07556
EU28,A,2017,13.09302
OECD,A,1990,15.96998
OECD,A,1995,15.44716
OECD,A,2000,15.49829
OECD,A,2005,15.49115
OECD,A,2010,15.44438
OECD,A,2011,15.73293
OECD,A,2012,14.63283
OECD,A,2013,14.31115
OECD,A,2014,13.5136
OECD,A,2015,13.45063
OECD,A,2016,12.48927
OECD,A,2017,12.50047
OECDE,A,1990,17.38789
OECDE,A,1995,16.27935
OECDE,A,2000,15.7586
OECDE,A,2005,15.59483
OECDE,A,2010,15.64338
OECDE,A,2011,15.78374
OECDE,A,2012,14.55084
OECDE,A,2013,14.1041
OECDE,A,2014,13.51005
OECDE,A,2015,13.62123
OECDE,A,2016,12.7448
OECDE,A,2017,12.76113
AUS,A,1990,32.18407
AUS,A,1995,32.2118
AUS,A,2000,34.95765
AUS,A,2005,34.62646
AUS,A,2010,34.0828
AUS,A,2011,37.59326
AUS,A,2012,31.73881
AUS,A,2013,29.71952
AUS,A,2014,28.34712
AUS,A,2015,27.35672
AUS,A,2016,26.00392
AUS,A,2017,25.97999
AUT,A,1990,99.62622
AUT,A,1995,99.3576
AUT,A,2000,98.98797
AUT,A,2005,99.2616
AUT,A,2010,98.79984
AUT,A,2011,99.40862
AUT,A,2012,97.98411
AUT,A,2013,96.67235
AUT,A,2014,95.10416
AUT,A,2015,93.02611
AUT,A,2016,87.03744
AUT,A,2017,87.03754
BEL,A,1990,99.95782
BEL,A,1995,99.71371
BEL,A,2000,99.3558
BEL,A,2005,99.21749
BEL,A,2010,99.5827
BEL,A,2011,99.46776
BEL,A,2012,98.68355
BEL,A,2013,97.84988
BEL,A,2014,95.7582
BEL,A,2015,96.32111
BEL,A,2016,93.32899
BEL,A,2017,93.53039
CAN,A,1990,15.86315
CAN,A,1995,12.8081
CAN,A,2000,11.48203
CAN,A,2005,19.17293
CAN,A,2010,13.69425
CAN,A,2011,18.31399
CAN,A,2012,8.78205
CAN,A,2013,7.13261
CAN,A,2014,2.63688
CAN,A,2015,0.94055
CAN,A,2016,0
CAN,A,2017,0
CZE,A,1990,99.98113
CZE,A,1995,99.98113
CZE,A,2000,99.98099
CZE,A,2005,99.98099
CZE,A,2010,99.98011
CZE,A,2011,99.98011
CZE,A,2012,99.97172
CZE,A,2013,99.96962
CZE,A,2014,99.96962
CZE,A,2015,99.91615
CZE,A,2016,99.89145
CZE,A,2017,99.89145
DNK,A,1990,88.99834
DNK,A,1995,83.43006
DNK,A,2000,97.31961
DNK,A,2005,96.52613
DNK,A,2010,95.6259
DNK,A,2011,98.58271
DNK,A,2012,85.12421
DNK,A,2013,79.47585
DNK,A,2014,83.24578
DNK,A,2015,76.71206
DNK,A,2016,62.81405
DNK,A,2017,62.66125
FIN,A,1990,3.41958
FIN,A,1995,1.20555
FIN,A,2000,0
FIN,A,2005,1.22806
FIN,A,2010,1.2783
FIN,A,2011,1.2783
FIN,A,2012,0
FIN,A,2013,0
FIN,A,2014,0
FIN,A,2015,0
FIN,A,2016,0
FIN,A,2017,0
FRA,A,1990,98.05569
FRA,A,1995,97.54277
FRA,A,2000,99.1853
FRA,A,2005,99.33307
FRA,A,2010,99.27542
FRA,A,2011,99.44952
FRA,A,2012,98.52799
FRA,A,2013,97.46638
FRA,A,2014,88.7928
FRA,A,2015,90.99463
FRA,A,2016,79.84902
FRA,A,2017,79.83072
DEU,A,1990,99.85162
DEU,A,1995,99.40488
DEU,A,2000,99.57456
DEU,A,2005,99.39371
DEU,A,2010,99.7417
DEU,A,2011,99.61875
DEU,A,2012,98.56804
DEU,A,2013,98.12425
DEU,A,2014,96.36478
DEU,A,2015,96.50202
DEU,A,2016,90.29268
DEU,A,2017,90.30647
GRC,A,1990,99.6163
GRC,A,1995,99.6163
GRC,A,2000,99.58199
GRC,A,2005,99.58199
GRC,A,2010,99.57465
GRC,A,2011,99.57465
GRC,A,2012,99.57465
GRC,A,2013,99.57462
GRC,A,2014,99.57462
GRC,A,2015,99.57455
GRC,A,2016,99.56601
GRC,A,2017,99.57245
HUN,A,1990,100
HUN,A,1995,100
HUN,A,2000,100
HUN,A,2005,100
HUN,A,2010,100
HUN,A,2011,100
HUN,A,2012,100
HUN,A,2013,100
HUN,A,2014,100
HUN,A,2015,100
HUN,A,2016,100
HUN,A,2017,100
ISL,A,1990,29.38308
ISL,A,1995,28.90469
ISL,A,2000,26.22293
ISL,A,2005,9.15507
ISL,A,2010,23.35263
ISL,A,2011,23.55618
ISL,A,2012,7.0472
ISL,A,2013,6.88498
ISL,A,2014,6.3778
ISL,A,2015,6.3778
ISL,A,2016,5.94597
ISL,A,2017,5.74444
IRL,A,1990,56.85899
IRL,A,1995,52.48251
IRL,A,2000,53.23814
IRL,A,2005,48.63667
IRL,A,2010,52.49193
IRL,A,2011,60.29831
IRL,A,2012,31.64693
IRL,A,2013,29.08517
IRL,A,2014,6.01578
IRL,A,2015,5.1985
IRL,A,2016,2.31018
IRL,A,2017,2.31018
ITA,A,1990,96.58485
ITA,A,1995,95.99822
ITA,A,2000,97.93509
ITA,A,2005,97.85298
ITA,A,2010,97.82563
ITA,A,2011,98.12497
ITA,A,2012,97.5277
ITA,A,2013,97.06344
ITA,A,2014,96.35888
ITA,A,2015,96.58121
ITA,A,2016,94.48103
ITA,A,2017,94.66711
JPN,A,1990,91.59833
JPN,A,1995,91.31061
JPN,A,2000,92.30906
JPN,A,2005,92.3227
JPN,A,2010,93.44802
JPN,A,2011,93.34163
JPN,A,2012,90.03304
JPN,A,2013,90.38271
JPN,A,2014,88.15639
JPN,A,2015,89.02003
JPN,A,2016,79.35322
JPN,A,2017,80.62767
KOR,A,1990,99.073
KOR,A,1995,99.073
KOR,A,2000,99.09954
KOR,A,2005,99.09954
KOR,A,2010,99.24036
KOR,A,2011,99.24036
KOR,A,2012,99.24036
KOR,A,2013,99.24036
KOR,A,2014,99.24036
KOR,A,2015,99.24036
KOR,A,2016,99.24036
KOR,A,2017,99.24036
LUX,A,1990,100
LUX,A,1995,100
LUX,A,2000,99.88802
LUX,A,2005,97.50986
LUX,A,2010,99.94392
LUX,A,2011,99.94392
LUX,A,2012,92.75565
LUX,A,2013,91.76648
LUX,A,2014,80.72873
LUX,A,2015,82.67014
LUX,A,2016,73.00153
LUX,A,2017,73.00153
MEX,A,1990,99.24081
MEX,A,1995,99.24687
MEX,A,2000,99.86803
MEX,A,2005,99.86764
MEX,A,2010,99.8416
MEX,A,2011,99.88441
MEX,A,2012,99.83949
MEX,A,2013,99.8349
MEX,A,2014,99.68792
MEX,A,2015,99.66904
MEX,A,2016,99.64792
MEX,A,2017,99.64624
NLD,A,1990,99.8048
NLD,A,1995,99.68004
NLD,A,2000,99.96996
NLD,A,2005,99.96996
NLD,A,2010,99.97399
NLD,A,2011,99.97399
NLD,A,2012,99.97265
NLD,A,2013,99.87449
NLD,A,2014,99.85462
NLD,A,2015,99.82499
NLD,A,2016,99.52885
NLD,A,2017,99.52885
NZL,A,1990,10.47591
NZL,A,1995,10.47591
NZL,A,2000,11.5957
NZL,A,2005,11.5957
NZL,A,2010,10.28463
NZL,A,2011,10.71913
NZL,A,2012,5.52974
NZL,A,2013,1.42879
NZL,A,2014,0.3416
NZL,A,2015,0.3416
NZL,A,2016,0
NZL,A,2017,0
NOR,A,1990,27.85045
NOR,A,1995,25.88734
NOR,A,2000,23.42584
NOR,A,2005,13.24786
NOR,A,2010,16.34235
NOR,A,2011,31.21592
NOR,A,2012,7.40619
NOR,A,2013,3.92652
NOR,A,2014,3.92652
NOR,A,2015,3.82107
NOR,A,2016,3.82107
NOR,A,2017,3.82107
POL,A,1990,99.96242
POL,A,1995,99.91337
POL,A,2000,99.98004
POL,A,2005,99.98004
POL,A,2010,99.98525
POL,A,2011,99.98525
POL,A,2012,99.98525
POL,A,2013,99.98293
POL,A,2014,99.96587
POL,A,2015,99.9809
POL,A,2016,99.94197
POL,A,2017,99.94197
PRT,A,1990,50.0527
PRT,A,1995,45.76817
PRT,A,2000,47.3382
PRT,A,2005,54.72348
PRT,A,2010,50.90543
PRT,A,2011,54.99709
PRT,A,2012,29.3807
PRT,A,2013,29.3807
PRT,A,2014,23.83155
PRT,A,2015,26.15617
PRT,A,2016,13.96563
PRT,A,2017,15.06532
SVK,A,1990,100
SVK,A,1995,100
SVK,A,2000,100
SVK,A,2005,100
SVK,A,2010,100
SVK,A,2011,100
SVK,A,2012,100
SVK,A,2013,100
SVK,A,2014,100
SVK,A,2015,100
SVK,A,2016,100
SVK,A,2017,100
ESP,A,1990,73.45016
ESP,A,1995,71.94997
ESP,A,2000,76.88498
ESP,A,2005,75.22445
ESP,A,2010,74.25135
ESP,A,2011,80.24819
ESP,A,2012,70.5601
ESP,A,2013,65.2944
ESP,A,2014,53.13943
ESP,A,2015,60.46667
ESP,A,2016,46.04878
ESP,A,2017,46.36139
SWE,A,1990,6.04514
SWE,A,1995,4.6708
SWE,A,2000,4.98475
SWE,A,2005,3.63669
SWE,A,2010,4.21504
SWE,A,2011,6.23523
SWE,A,2012,3.0975
SWE,A,2013,3.00122
SWE,A,2014,3.1687
SWE,A,2015,3.00122
SWE,A,2016,2.96387
SWE,A,2017,2.96387
CHE,A,1990,96.59526
CHE,A,1995,95.14618
CHE,A,2000,93.78674
CHE,A,2005,94.33578
CHE,A,2010,94.16539
CHE,A,2011,95.44108
CHE,A,2012,93.08916
CHE,A,2013,88.63962
CHE,A,2014,80.2259
CHE,A,2015,74.61733
CHE,A,2016,54.0838
CHE,A,2017,54.00228
UK,A,1990,86.62559
UK,A,1995,84.78329
UK,A,2000,87.28924
UK,A,2005,87.55438
UK,A,2010,86.87179
UK,A,2011,89.38962
UK,A,2012,83.75913
UK,A,2013,81.54933
UK,A,2014,71.01995
UK,A,2015,70.81432
UK,A,2016,65.57184
UK,A,2017,65.00192
USA,A,1990,45.44814
USA,A,1995,42.9943
USA,A,2000,42.07475
USA,A,2005,43.67184
USA,A,2010,37.2135
USA,A,2011,45.64215
USA,A,2012,27.89431
USA,A,2013,20.28753
USA,A,2014,11.07236
USA,A,2015,8.13122
USA,A,2016,3.12032
USA,A,2017,3.14777
G7M,A,1990,73.16448
G7M,A,1995,71.73564
G7M,A,2000,71.04904
G7M,A,2005,72.02857
G7M,A,2010,67.93887
G7M,A,2011,71.80365
G7M,A,2012,62.89844
G7M,A,2013,59.41637
G7M,A,2014,53.01229
G7M,A,2015,52.09987
G7M,A,2016,46.08855
G7M,A,2017,46.24691
AFG,A,1990,100
AFG,A,1995,100
AFG,A,2000,100
AFG,A,2005,100
AFG,A,2010,100
AFG,A,2011,100
AFG,A,2012,100
AFG,A,2013,100
AFG,A,2014,100
AFG,A,2015,100
AFG,A,2016,100
AFG,A,2017,100
ALB,A,1990,97.38164
ALB,A,1995,97.38164
ALB,A,2000,99.25921
ALB,A,2005,99.25921
ALB,A,2010,99.04241
ALB,A,2011,99.04241
ALB,A,2012,99.04241
ALB,A,2013,99.04241
ALB,A,2014,99.04241
ALB,A,2015,99.04241
ALB,A,2016,99.04241
ALB,A,2017,99.04241
DZA,A,1990,99.6148
DZA,A,1995,99.6148
DZA,A,2000,99.75486
DZA,A,2005,99.75486
DZA,A,2010,99.81773
DZA,A,2011,99.81773
DZA,A,2012,99.81773
DZA,A,2013,99.81773
DZA,A,2014,99.81773
DZA,A,2015,99.81773
DZA,A,2016,99.81773
DZA,A,2017,99.81773
AGO,A,1990,99.9954
AGO,A,1995,99.9954
AGO,A,2000,99.98615
AGO,A,2005,99.98615
AGO,A,2010,99.95012
AGO,A,2011,99.95012
AGO,A,2012,99.95012
AGO,A,2013,99.95012
AGO,A,2014,99.95012
AGO,A,2015,99.95012
AGO,A,2016,99.95012
AGO,A,2017,99.95012
ARG,A,1990,99.19273
ARG,A,1995,99.20061
ARG,A,2000,99.54439
ARG,A,2005,99.50192
ARG,A,2010,99.4561
ARG,A,2011,99.50563
ARG,A,2012,99.34806
ARG,A,2013,98.96315
ARG,A,2014,98.35652
ARG,A,2015,98.29137
ARG,A,2016,96.02971
ARG,A,2017,96.00372
ARM,A,1990,100
ARM,A,1995,100
ARM,A,2000,100
ARM,A,2005,100
ARM,A,2010,100
ARM,A,2011,100
ARM,A,2012,100
ARM,A,2013,100
ARM,A,2014,100
ARM,A,2015,100
ARM,A,2016,100
ARM,A,2017,100
AZE,A,1990,99.91179
AZE,A,1995,99.91179
AZE,A,2000,99.89616
AZE,A,2005,99.89616
AZE,A,2010,99.87592
AZE,A,2011,99.87592
AZE,A,2012,99.87592
AZE,A,2013,99.87592
AZE,A,2014,99.87592
AZE,A,2015,99.87592
AZE,A,2016,99.87592
AZE,A,2017,99.87592
BHR,A,1990,99.99801
BHR,A,1995,99.99801
BHR,A,2000,99.99823
BHR,A,2005,99.99823
BHR,A,2010,99.99975
BHR,A,2011,99.99975
BHR,A,2012,99.99975
BHR,A,2013,99.99975
BHR,A,2014,99.99975
BHR,A,2015,99.99975
BHR,A,2016,99.99975
BHR,A,2017,99.99975
BGD,A,1990,99.98701
BGD,A,1995,99.98701
BGD,A,2000,99.89104
BGD,A,2005,99.89104
BGD,A,2010,99.98831
BGD,A,2011,99.98831
BGD,A,2012,99.98831
BGD,A,2013,99.98831
BGD,A,2014,99.98831
BGD,A,2015,99.98831
BGD,A,2016,99.98831
BGD,A,2017,99.98831
BLR,A,1990,100
BLR,A,1995,100
BLR,A,2000,100
BLR,A,2005,100
BLR,A,2010,100
BLR,A,2011,100
BLR,A,2012,100
BLR,A,2013,100
BLR,A,2014,100
BLR,A,2015,100
BLR,A,2016,100
BLR,A,2017,99.92175
BEN,A,1990,99.97321
BEN,A,1995,99.97321
BEN,A,2000,99.96927
BEN,A,2005,99.96927
BEN,A,2010,99.96456
BEN,A,2011,99.96456
BEN,A,2012,99.96456
BEN,A,2013,99.96456
BEN,A,2014,99.96456
BEN,A,2015,99.96456
BEN,A,2016,99.96456
BEN,A,2017,99.96456
BTN,A,1990,100
BTN,A,1995,100
BTN,A,2000,100
BTN,A,2005,100
BTN,A,2010,100
BTN,A,2011,100
BTN,A,2012,100
BTN,A,2013,100
BTN,A,2014,100
BTN,A,2015,100
BTN,A,2016,100
BTN,A,2017,100
BOL,A,1990,100
BOL,A,1995,100
BOL,A,2000,100
BOL,A,2005,100
BOL,A,2010,100
BOL,A,2011,100
BOL,A,2012,100
BOL,A,2013,100
BOL,A,2014,100
BOL,A,2015,100
BOL,A,2016,100
BOL,A,2017,100
BIH,A,1990,100
BIH,A,1995,100
BIH,A,2000,100
BIH,A,2005,100
BIH,A,2010,100
BIH,A,2011,100
BIH,A,2012,100
BIH,A,2013,100
BIH,A,2014,100
BIH,A,2015,100
BIH,A,2016,99.99552
BIH,A,2017,99.99552
BWA,A,1990,100
BWA,A,1995,100
BWA,A,2000,100
BWA,A,2005,100
BWA,A,2010,100
BWA,A,2011,100
BWA,A,2012,100
BWA,A,2013,100
BWA,A,2014,100
BWA,A,2015,100
BWA,A,2016,100
BWA,A,2017,100
BRA,A,1990,90.05874
BRA,A,1995,90.34842
BRA,A,2000,91.19497
BRA,A,2005,90.12221
BRA,A,2010,91.39038
BRA,A,2011,92.31883
BRA,A,2012,87.51927
BRA,A,2013,85.85294
BRA,A,2014,77.93727
BRA,A,2015,75.53867
BRA,A,2016,68.10785
BRA,A,2017,68.25602
BRN,A,1990,0
BRN,A,1995,0
BRN,A,2000,0
BRN,A,2005,1.40753
BRN,A,2010,1.28682
BRN,A,2011,1.28682
BRN,A,2012,1.28682
BRN,A,2013,0
BRN,A,2014,0
BRN,A,2015,0
BRN,A,2016,0
BRN,A,2017,0
BGR,A,1990,99.89899
BGR,A,1995,99.89899
BGR,A,2000,99.89764
BGR,A,2005,99.89764
BGR,A,2010,99.86681
BGR,A,2011,99.86681
BGR,A,2012,99.86681
BGR,A,2013,99.86681
BGR,A,2014,99.86681
BGR,A,2015,99.86681
BGR,A,2016,99.77606
BGR,A,2017,99.77606
BFA,A,1990,100
BFA,A,1995,100
BFA,A,2000,100
BFA,A,2005,100
BFA,A,2010,100
BFA,A,2011,100
BFA,A,2012,100
BFA,A,2013,100
BFA,A,2014,100
BFA,A,2015,100
BFA,A,2016,100
BFA,A,2017,100
BDI,A,1990,100
BDI,A,1995,100
BDI,A,2000,100
BDI,A,2005,100
BDI,A,2010,100
BDI,A,2011,100
BDI,A,2012,100
BDI,A,2013,100
BDI,A,2014,100
BDI,A,2015,100
BDI,A,2016,100
BDI,A,2017,100
KHM,A,1990,99.94059
KHM,A,1995,99.94059
KHM,A,2000,99.94219
KHM,A,2005,99.94219
KHM,A,2010,99.95383
KHM,A,2011,99.95383
KHM,A,2012,99.95383
KHM,A,2013,99.95383
KHM,A,2014,99.95383
KHM,A,2015,99.95383
KHM,A,2016,99.95383
KHM,A,2017,99.95383
CMR,A,1990,99.63393
CMR,A,1995,99.63393
CMR,A,2000,99.58684
CMR,A,2005,99.58684
CMR,A,2010,99.59662
CMR,A,2011,99.59662
CMR,A,2012,99.59662
CMR,A,2013,99.59662
CMR,A,2014,99.59662
CMR,A,2015,99.59662
CMR,A,2016,99.59662
CMR,A,2017,99.59662
CAF,A,1990,100
CAF,A,1995,100
CAF,A,2000,100
CAF,A,2005,100
CAF,A,2010,100
CAF,A,2011,100
CAF,A,2012,100
CAF,A,2013,100
CAF,A,2014,100
CAF,A,2015,100
CAF,A,2016,100
CAF,A,2017,100
TCD,A,1990,100
TCD,A,1995,100
TCD,A,2000,100
TCD,A,2005,100
TCD,A,2010,100
TCD,A,2011,100
TCD,A,2012,100
TCD,A,2013,100
TCD,A,2014,100
TCD,A,2015,100
TCD,A,2016,100
TCD,A,2017,100
CHL,A,1990,98.02643
CHL,A,1995,98.02663
CHL,A,2000,98.2103
CHL,A,2005,98.2476
CHL,A,2010,98.46546
CHL,A,2011,98.49755
CHL,A,2012,98.46364
CHL,A,2013,98.45125
CHL,A,2014,97.97958
CHL,A,2015,97.71318
CHL,A,2016,97.19968
CHL,A,2017,97.2919
CHN,A,1990,99.88048
CHN,A,1995,99.88048
CHN,A,2000,99.87631
CHN,A,2005,99.87631
CHN,A,2010,99.86731
CHN,A,2011,99.86731
CHN,A,2012,99.86731
CHN,A,2013,99.86731
CHN,A,2014,99.86729
CHN,A,2015,99.86729
CHN,A,2016,99.86554
CHN,A,2017,99.86554
COL,A,1990,97.82944
COL,A,1995,97.84367
COL,A,2000,99.2694
COL,A,2005,99.40404
COL,A,2010,99.48519
COL,A,2011,99.45494
COL,A,2012,99.45059
COL,A,2013,99.12656
COL,A,2014,97.3282
COL,A,2015,96.30925
COL,A,2016,93.73804
COL,A,2017,93.20684
COG,A,1990,99.97615
COG,A,1995,99.97615
COG,A,2000,99.90981
COG,A,2005,99.90981
COG,A,2010,99.91866
COG,A,2011,99.91866
COG,A,2012,99.91866
COG,A,2013,99.91866
COG,A,2014,99.91866
COG,A,2015,99.91866
COG,A,2016,99.91866
COG,A,2017,99.91866
CRI,A,1990,96.75216
CRI,A,1995,96.75216
CRI,A,2000,99.76221
CRI,A,2005,99.76422
CRI,A,2010,99.76098
CRI,A,2011,99.76834
CRI,A,2012,99.75411
CRI,A,2013,99.75304
CRI,A,2014,99.72623
CRI,A,2015,99.66069
CRI,A,2016,99.59809
CRI,A,2017,99.59446
CIV,A,1990,99.9411
CIV,A,1995,99.9411
CIV,A,2000,99.95144
CIV,A,2005,99.95144
CIV,A,2010,99.95978
CIV,A,2011,99.95978
CIV,A,2012,99.95978
CIV,A,2013,99.95978
CIV,A,2014,99.95978
CIV,A,2015,99.95978
CIV,A,2016,99.95978
CIV,A,2017,99.95978
HRV,A,1990,97.00272
HRV,A,1995,96.16845
HRV,A,2000,98.2521
HRV,A,2005,98.2521
HRV,A,2010,98.23487
HRV,A,2011,98.23487
HRV,A,2012,98.23487
HRV,A,2013,98.23487
HRV,A,2014,98.23487
HRV,A,2015,98.23487
HRV,A,2016,97.79337
HRV,A,2017,97.81781
CUB,A,1990,99.36045
CUB,A,1995,99.36045
CUB,A,2000,99.69875
CUB,A,2005,99.69875
CUB,A,2010,99.67576
CUB,A,2011,99.67576
CUB,A,2012,99.67576
CUB,A,2013,99.67576
CUB,A,2014,99.67576
CUB,A,2015,99.67576
CUB,A,2016,99.67576
CUB,A,2017,99.67576
CYP,A,1990,99.69573
CYP,A,1995,99.69573
CYP,A,2000,99.6496
CYP,A,2005,99.6496
CYP,A,2010,99.63703
CYP,A,2011,99.63703
CYP,A,2012,99.63703
CYP,A,2013,99.63703
CYP,A,2014,99.63703
CYP,A,2015,99.63703
CYP,A,2016,99.63703
CYP,A,2017,99.63703
PRK,A,1990,99.75893
PRK,A,1995,99.75893
PRK,A,2000,99.74623
PRK,A,2005,99.74623
PRK,A,2010,99.73524
PRK,A,2011,99.73524
PRK,A,2012,99.73524
PRK,A,2013,99.73524
PRK,A,2014,99.73524
PRK,A,2015,99.73524
PRK,A,2016,99.73524
PRK,A,2017,99.73524
COD,A,1990,100
COD,A,1995,100
COD,A,2000,99.99997
COD,A,2005,99.99997
COD,A,2010,99.99989
COD,A,2011,99.99989
COD,A,2012,99.99989
COD,A,2013,99.99989
COD,A,2014,99.99989
COD,A,2015,99.99989
COD,A,2016,99.99989
COD,A,2017,99.99989
DOM,A,1990,90.20309
DOM,A,1995,90.20309
DOM,A,2000,99.86506
DOM,A,2005,99.86506
DOM,A,2010,99.80752
DOM,A,2011,99.80752
DOM,A,2012,99.80752
DOM,A,2013,99.80115
DOM,A,2014,99.75374
DOM,A,2015,99.75374
DOM,A,2016,99.72907
DOM,A,2017,99.72907
ECU,A,1990,99.04904
ECU,A,1995,99.05512
ECU,A,2000,99.95251
ECU,A,2005,99.96672
ECU,A,2010,99.95694
ECU,A,2011,99.95518
ECU,A,2012,99.9564
ECU,A,2013,99.93366
ECU,A,2014,99.75795
ECU,A,2015,99.59514
ECU,A,2016,99.19658
ECU,A,2017,98.89865
EGY,A,1990,99.94958
EGY,A,1995,99.94958
EGY,A,2000,99.93217
EGY,A,2005,99.93217
EGY,A,2010,99.92266
EGY,A,2011,99.92266
EGY,A,2012,99.92266
EGY,A,2013,99.92266
EGY,A,2014,99.92266
EGY,A,2015,99.92266
EGY,A,2016,99.92266
EGY,A,2017,99.92266
SLV,A,1990,98.13637
SLV,A,1995,98.13637
SLV,A,2000,99.6368
SLV,A,2005,99.6368
SLV,A,2010,99.69517
SLV,A,2011,99.69517
SLV,A,2012,99.69517
SLV,A,2013,99.69517
SLV,A,2014,99.69517
SLV,A,2015,99.69517
SLV,A,2016,99.69517
SLV,A,2017,99.69517
GNQ,A,1990,99.26669
GNQ,A,1995,99.26669
GNQ,A,2000,99.28585
GNQ,A,2005,99.28585
GNQ,A,2010,99.06738
GNQ,A,2011,99.06738
GNQ,A,2012,99.06738
GNQ,A,2013,99.06738
GNQ,A,2014,99.06738
GNQ,A,2015,99.06738
GNQ,A,2016,99.06738
GNQ,A,2017,99.06738
ERI,A,1990,99.37558
ERI,A,1995,99.37558
ERI,A,2000,99.32786
ERI,A,2005,99.32786
ERI,A,2010,99.50927
ERI,A,2011,99.50927
ERI,A,2012,99.50927
ERI,A,2013,99.50927
ERI,A,2014,99.50927
ERI,A,2015,99.50927
ERI,A,2016,99.50927
ERI,A,2017,99.50927
EST,A,1990,11.9216
EST,A,1995,2.89595
EST,A,2000,4.70324
EST,A,2005,5.35966
EST,A,2010,6.21731
EST,A,2011,6.02378
EST,A,2012,1.76697
EST,A,2013,0.72868
EST,A,2014,0.72868
EST,A,2015,0
EST,A,2016,0
EST,A,2017,0
ETH,A,1990,100
ETH,A,1995,100
ETH,A,2000,100
ETH,A,2005,100
ETH,A,2010,100
ETH,A,2011,100
ETH,A,2012,100
ETH,A,2013,100
ETH,A,2014,100
ETH,A,2015,100
ETH,A,2016,100
ETH,A,2017,100
FJI,A,1990,74.71371
FJI,A,1995,74.71371
FJI,A,2000,78.44845
FJI,A,2005,78.44845
FJI,A,2010,77.50567
FJI,A,2011,77.50567
FJI,A,2012,77.50567
FJI,A,2013,77.44666
FJI,A,2014,77.3892
FJI,A,2015,77.21496
FJI,A,2016,71.02336
FJI,A,2017,63.0727
GAB,A,1990,99.43144
GAB,A,1995,99.43144
GAB,A,2000,99.28214
GAB,A,2005,99.28214
GAB,A,2010,99.40079
GAB,A,2011,99.40079
GAB,A,2012,99.40079
GAB,A,2013,99.40079
GAB,A,2014,99.40079
GAB,A,2015,99.40079
GAB,A,2016,99.40079
GAB,A,2017,99.40079
GMB,A,1990,100
GMB,A,1995,100
GMB,A,2000,100
GMB,A,2005,100
GMB,A,2010,100
GMB,A,2011,100
GMB,A,2012,100
GMB,A,2013,100
GMB,A,2014,100
GMB,A,2015,100
GMB,A,2016,100
GMB,A,2017,100
GEO,A,1990,99.81566
GEO,A,1995,99.81566
GEO,A,2000,99.81146
GEO,A,2005,99.81146
GEO,A,2010,99.79695
GEO,A,2011,99.79695
GEO,A,2012,99.79695
GEO,A,2013,99.79695
GEO,A,2014,99.79695
GEO,A,2015,99.79695
GEO,A,2016,99.79695
GEO,A,2017,99.79695
GHA,A,1990,99.66652
GHA,A,1995,99.66652
GHA,A,2000,99.69263
GHA,A,2005,99.69263
GHA,A,2010,99.70761
GHA,A,2011,99.70761
GHA,A,2012,99.70761
GHA,A,2013,99.70761
GHA,A,2014,99.70761
GHA,A,2015,99.70761
GHA,A,2016,99.70761
GHA,A,2017,99.70761
GTM,A,1990,99.99845
GTM,A,1995,99.99845
GTM,A,2000,99.9971
GTM,A,2005,99.9971
GTM,A,2010,99.98932
GTM,A,2011,99.98932
GTM,A,2012,99.98932
GTM,A,2013,99.98932
GTM,A,2014,99.98932
GTM,A,2015,99.98932
GTM,A,2016,99.98932
GTM,A,2017,99.98932
GIN,A,1990,99.7666
GIN,A,1995,99.7666
GIN,A,2000,99.78459
GIN,A,2005,99.78459
GIN,A,2010,99.84292
GIN,A,2011,99.84292
GIN,A,2012,99.84292
GIN,A,2013,99.84292
GIN,A,2014,99.84292
GIN,A,2015,99.84292
GIN,A,2016,99.84292
GIN,A,2017,99.84292
GNB,A,1990,98.7908
GNB,A,1995,98.7908
GNB,A,2000,98.9686
GNB,A,2005,98.9686
GNB,A,2010,99.31398
GNB,A,2011,99.31398
GNB,A,2012,99.31398
GNB,A,2013,99.31398
GNB,A,2014,99.31398
GNB,A,2015,99.31398
GNB,A,2016,99.31398
GNB,A,2017,99.31398
HTI,A,1990,99.65068
HTI,A,1995,99.65068
HTI,A,2000,99.67644
HTI,A,2005,99.67644
HTI,A,2010,99.75626
HTI,A,2011,99.75626
HTI,A,2012,99.75626
HTI,A,2013,99.75626
HTI,A,2014,99.75626
HTI,A,2015,99.75626
HTI,A,2016,99.75626
HTI,A,2017,99.75626
HND,A,1990,99.09357
HND,A,1995,99.09357
HND,A,2000,99.81991
HND,A,2005,99.81991
HND,A,2010,99.80074
HND,A,2011,99.80074
HND,A,2012,99.80074
HND,A,2013,99.80074
HND,A,2014,99.80065
HND,A,2015,99.78902
HND,A,2016,99.77064
HND,A,2017,99.77208
HKG,A,1990,99.42073
HKG,A,1995,99.42073
HKG,A,2000,99.4214
HKG,A,2005,99.4214
HKG,A,2010,99.43446
HKG,A,2011,99.43446
HKG,A,2012,99.43446
HKG,A,2013,99.43446
HKG,A,2014,99.43446
HKG,A,2015,99.43446
HKG,A,2016,99.43446
HKG,A,2017,99.43446
IND,A,1990,99.93932
IND,A,1995,99.93932
IND,A,2000,99.9378
IND,A,2005,99.9378
IND,A,2010,99.94157
IND,A,2011,99.94157
IND,A,2012,99.94157
IND,A,2013,99.94157
IND,A,2014,99.94157
IND,A,2015,99.94157
IND,A,2016,99.94157
IND,A,2017,99.94157
IDN,A,1990,93.92141
IDN,A,1995,94.00787
IDN,A,2000,96.42164
IDN,A,2005,98.21823
IDN,A,2010,95.7743
IDN,A,2011,97.40535
IDN,A,2012,98.36718
IDN,A,2013,93.34718
IDN,A,2014,93.7999
IDN,A,2015,95.16592
IDN,A,2016,94.76018
IDN,A,2017,94.76083
IRN,A,1990,99.9816
IRN,A,1995,99.9816
IRN,A,2000,99.95867
IRN,A,2005,99.95867
IRN,A,2010,99.94918
IRN,A,2011,99.94918
IRN,A,2012,99.94918
IRN,A,2013,99.94918
IRN,A,2014,99.94918
IRN,A,2015,99.94918
IRN,A,2016,99.94918
IRN,A,2017,99.94918
IRQ,A,1990,100
IRQ,A,1995,100
IRQ,A,2000,100
IRQ,A,2005,100
IRQ,A,2010,100
IRQ,A,2011,100
IRQ,A,2012,100
IRQ,A,2013,100
IRQ,A,2014,100
IRQ,A,2015,100
IRQ,A,2016,100
IRQ,A,2017,100
ISR,A,1990,99.99235
ISR,A,1995,99.99235
ISR,A,2000,99.99278
ISR,A,2005,99.99278
ISR,A,2010,99.99303
ISR,A,2011,99.99303
ISR,A,2012,99.99303
ISR,A,2013,99.99303
ISR,A,2014,99.99303
ISR,A,2015,99.99303
ISR,A,2016,99.99303
ISR,A,2017,99.99303
JAM,A,1990,90.91102
JAM,A,1995,90.91102
JAM,A,2000,98.67425
JAM,A,2005,98.67425
JAM,A,2010,98.73384
JAM,A,2011,98.73384
JAM,A,2012,98.73384
JAM,A,2013,98.73384
JAM,A,2014,98.73384
JAM,A,2015,98.73384
JAM,A,2016,98.73384
JAM,A,2017,98.73384
JOR,A,1990,100
JOR,A,1995,100
JOR,A,2000,100
JOR,A,2005,100
JOR,A,2010,100
JOR,A,2011,100
JOR,A,2012,100
JOR,A,2013,100
JOR,A,2014,100
JOR,A,2015,100
JOR,A,2016,100
JOR,A,2017,100
KAZ,A,1990,99.10988
KAZ,A,1995,98.60097
KAZ,A,2000,97.75381
KAZ,A,2005,97.74936
KAZ,A,2010,98.42727
KAZ,A,2011,98.44605
KAZ,A,2012,97.94649
KAZ,A,2013,97.44041
KAZ,A,2014,95.52394
KAZ,A,2015,95.90226
KAZ,A,2016,92.2619
KAZ,A,2017,92.23773
KEN,A,1990,99.98681
KEN,A,1995,99.98681
KEN,A,2000,99.98172
KEN,A,2005,99.98172
KEN,A,2010,99.97983
KEN,A,2011,99.97983
KEN,A,2012,99.97983
KEN,A,2013,99.97983
KEN,A,2014,99.97983
KEN,A,2015,99.97983
KEN,A,2016,99.97983
KEN,A,2017,99.97983
KWT,A,1990,99.7614
KWT,A,1995,99.7614
KWT,A,2000,99.76574
KWT,A,2005,99.76574
KWT,A,2010,99.74775
KWT,A,2011,99.74775
KWT,A,2012,99.74775
KWT,A,2013,99.74775
KWT,A,2014,99.74775
KWT,A,2015,99.74775
KWT,A,2016,99.74775
KWT,A,2017,99.74775
KGZ,A,1990,100
KGZ,A,1995,99.99489
KGZ,A,2000,99.99558
KGZ,A,2005,99.99558
KGZ,A,2010,100
KGZ,A,2011,100
KGZ,A,2012,99.98915
KGZ,A,2013,99.96291
KGZ,A,2014,99.00722
KGZ,A,2015,99.6078
KGZ,A,2016,97.50972
KGZ,A,2017,97.92558
LAO,A,1990,100
LAO,A,1995,100
LAO,A,2000,100
LAO,A,2005,100
LAO,A,2010,100
LAO,A,2011,100
LAO,A,2012,100
LAO,A,2013,100
LAO,A,2014,100
LAO,A,2015,100
LAO,A,2016,100
LAO,A,2017,100
LVA,A,1990,99.48474
LVA,A,1995,99.03187
LVA,A,2000,99.05642
LVA,A,2005,99.3225
LVA,A,2010,99.43744
LVA,A,2011,98.97665
LVA,A,2012,97.90233
LVA,A,2013,96.43006
LVA,A,2014,96.4306
LVA,A,2015,92.75871
LVA,A,2016,90.66902
LVA,A,2017,89.26036
LBN,A,1990,99.96818
LBN,A,1995,99.96818
LBN,A,2000,99.96598
LBN,A,2005,99.96598
LBN,A,2010,99.96213
LBN,A,2011,99.96213
LBN,A,2012,99.96213
LBN,A,2013,99.96213
LBN,A,2014,99.96213
LBN,A,2015,99.96213
LBN,A,2016,99.96213
LBN,A,2017,99.96213
LSO,A,1990,100
LSO,A,1995,100
LSO,A,2000,100
LSO,A,2005,100
LSO,A,2010,100
LSO,A,2011,100
LSO,A,2012,100
LSO,A,2013,100
LSO,A,2014,100
LSO,A,2015,100
LSO,A,2016,100
LSO,A,2017,100
LBR,A,1990,99.62605
LBR,A,1995,99.62605
LBR,A,2000,99.58595
LBR,A,2005,99.58595
LBR,A,2010,99.56291
LBR,A,2011,99.56291
LBR,A,2012,99.56291
LBR,A,2013,99.56291
LBR,A,2014,99.56291
LBR,A,2015,99.56291
LBR,A,2016,99.56291
LBR,A,2017,99.56291
LBY,A,1990,99.81657
LBY,A,1995,99.81657
LBY,A,2000,99.7993
LBY,A,2005,99.7993
LBY,A,2010,99.8055
LBY,A,2011,99.8055
LBY,A,2012,99.8055
LBY,A,2013,99.8055
LBY,A,2014,99.8055
LBY,A,2015,99.8055
LBY,A,2016,99.8055
LBY,A,2017,99.8055
LIE,A,1990,98.97262
LIE,A,1995,98.97262
LIE,A,2000,87.7666
LIE,A,2005,98.73776
LIE,A,2010,87.91374
LIE,A,2011,98.25316
LIE,A,2012,87.91374
LIE,A,2013,86.79316
LIE,A,2014,86.79316
LIE,A,2015,85.6456
LIE,A,2016,85.57944
LIE,A,2017,85.57944
LTU,A,1990,95.00625
LTU,A,1995,94.99576
LTU,A,2000,99.97574
LTU,A,2005,99.97574
LTU,A,2010,99.97382
LTU,A,2011,99.97281
LTU,A,2012,99.97277
LTU,A,2013,99.97203
LTU,A,2014,99.97203
LTU,A,2015,99.48626
LTU,A,2016,97.85617
LTU,A,2017,96.63022
MKD,A,1990,100
MKD,A,1995,100
MKD,A,2000,100
MKD,A,2005,100
MKD,A,2010,100
MKD,A,2011,100
MKD,A,2012,100
MKD,A,2013,100
MKD,A,2014,100
MKD,A,2015,100
MKD,A,2016,100
MKD,A,2017,100
MDG,A,1990,99.82441
MDG,A,1995,99.82441
MDG,A,2000,99.79412
MDG,A,2005,99.79412
MDG,A,2010,99.71959
MDG,A,2011,99.71959
MDG,A,2012,99.71959
MDG,A,2013,99.71959
MDG,A,2014,99.71959
MDG,A,2015,99.71959
MDG,A,2016,99.71959
MDG,A,2017,99.71959
MWI,A,1990,100
MWI,A,1995,100
MWI,A,2000,100
MWI,A,2005,100
MWI,A,2010,100
MWI,A,2011,100
MWI,A,2012,100
MWI,A,2013,100
MWI,A,2014,100
MWI,A,2015,100
MWI,A,2016,100
MWI,A,2017,100
MYS,A,1990,92.00503
MYS,A,1995,92.1049
MYS,A,2000,95.33967
MYS,A,2005,97.24226
MYS,A,2010,96.86813
MYS,A,2011,97.18692
MYS,A,2012,97.91027
MYS,A,2013,93.80673
MYS,A,2014,92.32582
MYS,A,2015,93.53856
MYS,A,2016,90.75856
MYS,A,2017,90.7297
MLI,A,1990,100
MLI,A,1995,100
MLI,A,2000,100
MLI,A,2005,100
MLI,A,2010,100
MLI,A,2011,100
MLI,A,2012,100
MLI,A,2013,100
MLI,A,2014,100
MLI,A,2015,100
MLI,A,2016,100
MLI,A,2017,100
MLT,A,1990,99.7971
MLT,A,1995,99.7971
MLT,A,2000,99.81452
MLT,A,2005,99.81452
MLT,A,2010,99.68115
MLT,A,2011,99.68115
MLT,A,2012,99.68115
MLT,A,2013,99.68115
MLT,A,2014,99.68115
MLT,A,2015,99.68115
MLT,A,2016,99.68115
MLT,A,2017,99.68115
MRT,A,1990,99.44148
MRT,A,1995,99.44148
MRT,A,2000,99.64761
MRT,A,2005,99.64761
MRT,A,2010,99.84361
MRT,A,2011,99.84361
MRT,A,2012,99.84361
MRT,A,2013,99.84361
MRT,A,2014,99.84361
MRT,A,2015,99.84361
MRT,A,2016,99.84361
MRT,A,2017,99.84361
MUS,A,1990,99.72995
MUS,A,1995,99.72995
MUS,A,2000,99.7342
MUS,A,2005,99.7342
MUS,A,2010,99.75352
MUS,A,2011,99.75352
MUS,A,2012,99.75352
MUS,A,2013,99.75352
MUS,A,2014,99.75352
MUS,A,2015,99.75352
MUS,A,2016,99.75352
MUS,A,2017,99.75352
MDA,A,1990,100
MDA,A,1995,100
MDA,A,2000,100
MDA,A,2005,100
MDA,A,2010,100
MDA,A,2011,100
MDA,A,2012,100
MDA,A,2013,100
MDA,A,2014,100
MDA,A,2015,100
MDA,A,2016,100
MDA,A,2017,100
MNG,A,1990,95.29431
MNG,A,1995,94.97698
MNG,A,2000,97.22545
MNG,A,2005,97.0387
MNG,A,2010,98.12462
MNG,A,2011,98.44514
MNG,A,2012,97.99951
MNG,A,2013,97.30977
MNG,A,2014,97.08881
MNG,A,2015,97.83607
MNG,A,2016,96.72316
MNG,A,2017,96.744
MAR,A,1990,99.98963
MAR,A,1995,99.98963
MAR,A,2000,99.98997
MAR,A,2005,99.98997
MAR,A,2010,99.9907
MAR,A,2011,99.9907
MAR,A,2012,99.9907
MAR,A,2013,99.9907
MAR,A,2014,99.9907
MAR,A,2015,99.9907
MAR,A,2016,99.9907
MAR,A,2017,99.9907
MOZ,A,1990,99.7339
MOZ,A,1995,99.7339
MOZ,A,2000,99.66203
MOZ,A,2005,99.66203
MOZ,A,2010,99.77711
MOZ,A,2011,99.77711
MOZ,A,2012,99.77711
MOZ,A,2013,99.77711
MOZ,A,2014,99.77711
MOZ,A,2015,99.77711
MOZ,A,2016,99.77711
MOZ,A,2017,99.77711
MMR,A,1990,99.9378
MMR,A,1995,99.9378
MMR,A,2000,99.83835
MMR,A,2005,99.83835
MMR,A,2010,99.8171
MMR,A,2011,99.8171
MMR,A,2012,99.8171
MMR,A,2013,99.8171
MMR,A,2014,99.8171
MMR,A,2015,99.8171
MMR,A,2016,99.8171
MMR,A,2017,99.8171
NAM,A,1990,99.99914
NAM,A,1995,99.99914
NAM,A,2000,99.99923
NAM,A,2005,99.99923
NAM,A,2010,99.99976
NAM,A,2011,99.99976
NAM,A,2012,99.99976
NAM,A,2013,99.99976
NAM,A,2014,99.99976
NAM,A,2015,99.99976
NAM,A,2016,99.99976
NAM,A,2017,99.99976
NPL,A,1990,100
NPL,A,1995,100
NPL,A,2000,100
NPL,A,2005,100
NPL,A,2010,100
NPL,A,2011,100
NPL,A,2012,100
NPL,A,2013,100
NPL,A,2014,100
NPL,A,2015,100
NPL,A,2016,100
NPL,A,2017,100
NIC,A,1990,97.74348
NIC,A,1995,97.74348
NIC,A,2000,99.61313
NIC,A,2005,99.61443
NIC,A,2010,99.64154
NIC,A,2011,99.64154
NIC,A,2012,99.64154
NIC,A,2013,99.64154
NIC,A,2014,99.64154
NIC,A,2015,99.6411
NIC,A,2016,99.41577
NIC,A,2017,99.41577
NER,A,1990,100
NER,A,1995,100
NER,A,2000,100
NER,A,2005,100
NER,A,2010,100
NER,A,2011,100
NER,A,2012,100
NER,A,2013,100
NER,A,2014,100
NER,A,2015,100
NER,A,2016,100
NER,A,2017,100
NGA,A,1990,99.88196
NGA,A,1995,99.88196
NGA,A,2000,99.87135
NGA,A,2005,99.87135
NGA,A,2010,99.86535
NGA,A,2011,99.86535
NGA,A,2012,99.86535
NGA,A,2013,99.86535
NGA,A,2014,99.86535
NGA,A,2015,99.86535
NGA,A,2016,99.86535
NGA,A,2017,99.86535
OMN,A,1990,98.32203
OMN,A,1995,98.32203
OMN,A,2000,98.57903
OMN,A,2005,98.57903
OMN,A,2010,98.88097
OMN,A,2011,98.88097
OMN,A,2012,98.88097
OMN,A,2013,98.88097
OMN,A,2014,98.88097
OMN,A,2015,98.88097
OMN,A,2016,98.88097
OMN,A,2017,98.88097
PAK,A,1990,99.61598
PAK,A,1995,99.61598
PAK,A,2000,99.63459
PAK,A,2005,99.63459
PAK,A,2010,99.66037
PAK,A,2011,99.66037
PAK,A,2012,99.66037
PAK,A,2013,99.66037
PAK,A,2014,99.66037
PAK,A,2015,99.66037
PAK,A,2016,99.66037
PAK,A,2017,99.66037
PAN,A,1990,91.02863
PAN,A,1995,90.88651
PAN,A,2000,95.75002
PAN,A,2005,95.32143
PAN,A,2010,94.4764
PAN,A,2011,95.43418
PAN,A,2012,94.75201
PAN,A,2013,92.23335
PAN,A,2014,89.43618
PAN,A,2015,87.59824
PAN,A,2016,74.39659
PAN,A,2017,73.64648
PNG,A,1990,96.94645
PNG,A,1995,96.94645
PNG,A,2000,97.28144
PNG,A,2005,97.28144
PNG,A,2010,97.56687
PNG,A,2011,97.56687
PNG,A,2012,97.56687
PNG,A,2013,97.56687
PNG,A,2014,97.56687
PNG,A,2015,97.56687
PNG,A,2016,97.53352
PNG,A,2017,97.51979
PRY,A,1990,100
PRY,A,1995,100
PRY,A,2000,100
PRY,A,2005,100
PRY,A,2010,100
PRY,A,2011,100
PRY,A,2012,100
PRY,A,2013,100
PRY,A,2014,100
PRY,A,2015,100
PRY,A,2016,99.34328
PRY,A,2017,99.36671
PER,A,1990,99.55558
PER,A,1995,99.55558
PER,A,2000,99.55732
PER,A,2005,99.55732
PER,A,2010,98.46089
PER,A,2011,98.46089
PER,A,2012,98.46089
PER,A,2013,98.46089
PER,A,2014,98.46089
PER,A,2015,98.41039
PER,A,2016,98.40787
PER,A,2017,98.3824
PHL,A,1990,94.91216
PHL,A,1995,94.91216
PHL,A,2000,98.15301
PHL,A,2005,98.16834
PHL,A,2010,98.53693
PHL,A,2011,98.52325
PHL,A,2012,98.53525
PHL,A,2013,98.1116
PHL,A,2014,97.56977
PHL,A,2015,97.90034
PHL,A,2016,95.62555
PHL,A,2017,95.24573
QAT,A,1990,100
QAT,A,1995,100
QAT,A,2000,100
QAT,A,2005,100
QAT,A,2010,100
QAT,A,2011,100
QAT,A,2012,100
QAT,A,2013,100
QAT,A,2014,100
QAT,A,2015,100
QAT,A,2016,100
QAT,A,2017,100
ROU,A,1990,100
ROU,A,1995,100
ROU,A,2000,100
ROU,A,2005,100
ROU,A,2010,100
ROU,A,2011,100
ROU,A,2012,99.14653
ROU,A,2013,98.92755
ROU,A,2014,97.93934
ROU,A,2015,98.89145
ROU,A,2016,97.55426
ROU,A,2017,97.52742
RUS,A,1990,95.07318
RUS,A,1995,94.36531
RUS,A,2000,95.15457
RUS,A,2005,95.03016
RUS,A,2010,95.8604
RUS,A,2011,95.21646
RUS,A,2012,94.3719
RUS,A,2013,92.23124
RUS,A,2014,92.13024
RUS,A,2015,90.33226
RUS,A,2016,90.3741
RUS,A,2017,90.33737
RWA,A,1990,100
RWA,A,1995,100
RWA,A,2000,100
RWA,A,2005,100
RWA,A,2010,100
RWA,A,2011,100
RWA,A,2012,100
RWA,A,2013,100
RWA,A,2014,100
RWA,A,2015,100
RWA,A,2016,100
RWA,A,2017,100
SAU,A,1990,99.56303
SAU,A,1995,99.56303
SAU,A,2000,99.58081
SAU,A,2005,99.58081
SAU,A,2010,99.6151
SAU,A,2011,99.6151
SAU,A,2012,99.6151
SAU,A,2013,99.6151
SAU,A,2014,99.6151
SAU,A,2015,99.6151
SAU,A,2016,99.6151
SAU,A,2017,99.6151
SEN,A,1990,99.94665
SEN,A,1995,99.94665
SEN,A,2000,99.95083
SEN,A,2005,99.95083
SEN,A,2010,99.96421
SEN,A,2011,99.96421
SEN,A,2012,99.96421
SEN,A,2013,99.96421
SEN,A,2014,99.96421
SEN,A,2015,99.96421
SEN,A,2016,99.96421
SEN,A,2017,99.96421
SLE,A,1990,99.70856
SLE,A,1995,99.70856
SLE,A,2000,99.69319
SLE,A,2005,99.69319
SLE,A,2010,99.7145
SLE,A,2011,99.7145
SLE,A,2012,99.7145
SLE,A,2013,99.7145
SLE,A,2014,99.7145
SLE,A,2015,99.7145
SLE,A,2016,99.7145
SLE,A,2017,99.7145
SGP,A,1990,100
SGP,A,1995,100
SGP,A,2000,100
SGP,A,2005,100
SGP,A,2010,100
SGP,A,2011,100
SGP,A,2012,100
SGP,A,2013,100
SGP,A,2014,100
SGP,A,2015,100
SGP,A,2016,100
SGP,A,2017,100
SVN,A,1990,100
SVN,A,1995,100
SVN,A,2000,100
SVN,A,2005,100
SVN,A,2010,100
SVN,A,2011,100
SVN,A,2012,100
SVN,A,2013,100
SVN,A,2014,99.99852
SVN,A,2015,99.99852
SVN,A,2016,99.92025
SVN,A,2017,99.92365
SOM,A,1990,99.39455
SOM,A,1995,99.39455
SOM,A,2000,99.48327
SOM,A,2005,99.48327
SOM,A,2010,99.49144
SOM,A,2011,99.49144
SOM,A,2012,99.49144
SOM,A,2013,99.49144
SOM,A,2014,99.49144
SOM,A,2015,99.49144
SOM,A,2016,99.49144
SOM,A,2017,99.49144
ZAF,A,1990,99.97223
ZAF,A,1995,99.97223
ZAF,A,2000,99.968
ZAF,A,2005,99.968
ZAF,A,2010,99.96025
ZAF,A,2011,99.96025
ZAF,A,2012,99.96025
ZAF,A,2013,99.96025
ZAF,A,2014,99.96025
ZAF,A,2015,99.96025
ZAF,A,2016,99.96025
ZAF,A,2017,99.96025
LKA,A,1990,99.89567
LKA,A,1995,99.89567
LKA,A,2000,99.86879
LKA,A,2005,99.86879
LKA,A,2010,99.8348
LKA,A,2011,99.8348
LKA,A,2012,99.8348
LKA,A,2013,99.8348
LKA,A,2014,99.8348
LKA,A,2015,99.8348
LKA,A,2016,69.48632
LKA,A,2017,46.83452
SDN,A,1990,99.99913
SDN,A,1995,99.99913
SDN,A,2000,99.99879
SDN,A,2005,99.99879
SDN,A,2010,99.99927
SDN,A,2011,99.99927
SDN,A,2012,99.99927
SDN,A,2013,99.99927
SDN,A,2014,99.99927
SDN,A,2015,99.99927
SDN,A,2016,99.99927
SDN,A,2017,99.99927
SWZ,A,1990,100
SWZ,A,1995,100
SWZ,A,2000,100
SWZ,A,2005,100
SWZ,A,2010,100
SWZ,A,2011,100
SWZ,A,2012,100
SWZ,A,2013,100
SWZ,A,2014,100
SWZ,A,2015,100
SWZ,A,2016,100
SWZ,A,2017,100
SYR,A,1990,99.68103
SYR,A,1995,99.68103
SYR,A,2000,99.71148
SYR,A,2005,99.71148
SYR,A,2010,99.77589
SYR,A,2011,99.77589
SYR,A,2012,99.77589
SYR,A,2013,99.77589
SYR,A,2014,99.77589
SYR,A,2015,99.77589
SYR,A,2016,99.77589
SYR,A,2017,99.77589
TJK,A,1990,100
TJK,A,1995,100
TJK,A,2000,100
TJK,A,2005,100
TJK,A,2010,100
TJK,A,2011,100
TJK,A,2012,100
TJK,A,2013,100
TJK,A,2014,100
TJK,A,2015,100
TJK,A,2016,100
TJK,A,2017,100
TZA,A,1990,99.9745
TZA,A,1995,99.9745
TZA,A,2000,99.97883
TZA,A,2005,99.97883
TZA,A,2010,99.9828
TZA,A,2011,99.9828
TZA,A,2012,99.9828
TZA,A,2013,99.9828
TZA,A,2014,99.9828
TZA,A,2015,99.9828
TZA,A,2016,99.9828
TZA,A,2017,99.9828
THA,A,1990,99.6534
THA,A,1995,99.6534
THA,A,2000,99.74197
THA,A,2005,99.74197
THA,A,2010,99.70955
THA,A,2011,99.70955
THA,A,2012,99.70955
THA,A,2013,99.70955
THA,A,2014,99.70955
THA,A,2015,99.70955
THA,A,2016,99.70955
THA,A,2017,99.70955
TLS,A,1990,99.99887
TLS,A,1995,99.99887
TLS,A,2000,99.96764
TLS,A,2005,99.96764
TLS,A,2010,99.96146
TLS,A,2011,99.96146
TLS,A,2012,99.96146
TLS,A,2013,99.96146
TLS,A,2014,99.96146
TLS,A,2015,99.96146
TLS,A,2016,99.96146
TLS,A,2017,99.96146
TGO,A,1990,99.77256
TGO,A,1995,99.77256
TGO,A,2000,99.80434
TGO,A,2005,99.80434
TGO,A,2010,99.85942
TGO,A,2011,99.85942
TGO,A,2012,99.85942
TGO,A,2013,99.85942
TGO,A,2014,99.85942
TGO,A,2015,99.85942
TGO,A,2016,99.85942
TGO,A,2017,99.85942
TTO,A,1990,99.11558
TTO,A,1995,99.11558
TTO,A,2000,99.16527
TTO,A,2005,99.16527
TTO,A,2010,99.10791
TTO,A,2011,99.10791
TTO,A,2012,99.10791
TTO,A,2013,99.10791
TTO,A,2014,99.10791
TTO,A,2015,99.10791
TTO,A,2016,99.10791
TTO,A,2017,99.10791
TUN,A,1990,99.22216
TUN,A,1995,99.22216
TUN,A,2000,99.30734
TUN,A,2005,99.30734
TUN,A,2010,99.39616
TUN,A,2011,99.39616
TUN,A,2012,99.39616
TUN,A,2013,99.39616
TUN,A,2014,99.39616
TUN,A,2015,99.39616
TUN,A,2016,99.39616
TUN,A,2017,99.39616
TKM,A,1990,100
TKM,A,1995,100
TKM,A,2000,100
TKM,A,2005,100
TKM,A,2010,100
TKM,A,2011,100
TKM,A,2012,100
TKM,A,2013,100
TKM,A,2014,100
TKM,A,2015,100
TKM,A,2016,100
TKM,A,2017,100
UGA,A,1990,100
UGA,A,1995,100
UGA,A,2000,100
UGA,A,2005,100
UGA,A,2010,100
UGA,A,2011,100
UGA,A,2012,100
UGA,A,2013,100
UGA,A,2014,100
UGA,A,2015,100
UGA,A,2016,100
UGA,A,2017,100
UKR,A,1990,99.9179
UKR,A,1995,99.9179
UKR,A,2000,99.9142
UKR,A,2005,99.9142
UKR,A,2010,99.90884
UKR,A,2011,99.90884
UKR,A,2012,99.90884
UKR,A,2013,99.90884
UKR,A,2014,99.90884
UKR,A,2015,99.90884
UKR,A,2016,99.90884
UKR,A,2017,99.90884
ARE,A,1990,99.10325
ARE,A,1995,99.10325
ARE,A,2000,99.23234
ARE,A,2005,99.23234
ARE,A,2010,99.43509
ARE,A,2011,99.43509
ARE,A,2012,99.43509
ARE,A,2013,99.43509
ARE,A,2014,99.43509
ARE,A,2015,99.43509
ARE,A,2016,99.43509
ARE,A,2017,99.43509
URY,A,1990,72.1362
URY,A,1995,73.53058
URY,A,2000,91.80525
URY,A,2005,81.90037
URY,A,2010,88.21198
URY,A,2011,95.25367
URY,A,2012,66.96197
URY,A,2013,61.79249
URY,A,2014,22.49704
URY,A,2015,19.80009
URY,A,2016,16.11436
URY,A,2017,16.11426
UZB,A,1990,100
UZB,A,1995,100
UZB,A,2000,100
UZB,A,2005,100
UZB,A,2010,100
UZB,A,2011,100
UZB,A,2012,100
UZB,A,2013,100
UZB,A,2014,100
UZB,A,2015,100
UZB,A,2016,100
UZB,A,2017,100
VEN,A,1990,98.66988
VEN,A,1995,98.66988
VEN,A,2000,99.72915
VEN,A,2005,99.72915
VEN,A,2010,99.70008
VEN,A,2011,99.70008
VEN,A,2012,99.70008
VEN,A,2013,99.70005
VEN,A,2014,99.68815
VEN,A,2015,99.6781
VEN,A,2016,99.56386
VEN,A,2017,99.56386
VNM,A,1990,99.5024
VNM,A,1995,99.5024
VNM,A,2000,99.48069
VNM,A,2005,99.48069
VNM,A,2010,99.52627
VNM,A,2011,99.52627
VNM,A,2012,99.52627
VNM,A,2013,99.52627
VNM,A,2014,99.52627
VNM,A,2015,99.52627
VNM,A,2016,99.52627
VNM,A,2017,99.52627
YEM,A,1990,99.36261
YEM,A,1995,99.36261
YEM,A,2000,99.39294
YEM,A,2005,99.39294
YEM,A,2010,99.40942
YEM,A,2011,99.40942
YEM,A,2012,99.40942
YEM,A,2013,99.40942
YEM,A,2014,99.40942
YEM,A,2015,99.40942
YEM,A,2016,99.40942
YEM,A,2017,99.40942
ZMB,A,1990,100
ZMB,A,1995,100
ZMB,A,2000,100
ZMB,A,2005,100
ZMB,A,2010,100
ZMB,A,2011,100
ZMB,A,2012,100
ZMB,A,2013,100
ZMB,A,2014,100
ZMB,A,2015,100
ZMB,A,2016,100
ZMB,A,2017,100
ZWE,A,1990,100
ZWE,A,1995,100
ZWE,A,2000,100
ZWE,A,2005,100
ZWE,A,2010,100
ZWE,A,2011,100
ZWE,A,2012,100
ZWE,A,2013,100
ZWE,A,2014,100
ZWE,A,2015,100
ZWE,A,2016,100
ZWE,A,2017,100
WLD,A,1990,93.8704
WLD,A,1995,93.5904
WLD,A,2000,94.24189
WLD,A,2005,94.37486
WLD,A,2010,94.27042
WLD,A,2011,94.90587
WLD,A,2012,93.44226
WLD,A,2013,92.64116
WLD,A,2014,91.45434
WLD,A,2015,91.30388
WLD,A,2016,89.98366
WLD,A,2017,89.94281
MAC,A,1990,99.99905
MAC,A,1995,99.99905
MAC,A,2000,99.99806
MAC,A,2005,99.99806
MAC,A,2010,99.99813
MAC,A,2011,99.99813
MAC,A,2012,99.99813
MAC,A,2013,99.99813
MAC,A,2014,99.99813
MAC,A,2015,99.99813
MAC,A,2016,99.99813
MAC,A,2017,99.99813
SRB,A,1990,100
SRB,A,1995,100
SRB,A,2000,100
SRB,A,2005,100
SRB,A,2010,100
SRB,A,2011,100
SRB,A,2012,100
SRB,A,2013,100
SRB,A,2014,100
SRB,A,2015,100
SRB,A,2016,100
SRB,A,2017,100
MNE,A,1990,99.84478
MNE,A,1995,99.84478
MNE,A,2000,99.76694
MNE,A,2005,99.76694
MNE,A,2010,99.67543
MNE,A,2011,99.67543
MNE,A,2012,99.67543
MNE,A,2013,99.67543
MNE,A,2014,99.67543
MNE,A,2015,99.67543
MNE,A,2016,99.67543
MNE,A,2017,99.67543
G20,A,1990,92.06658
G20,A,1995,91.68143
G20,A,2000,92.19695
G20,A,2005,92.40827
G20,A,2010,91.85058
G20,A,2011,92.77036
G20,A,2012,90.64312
G20,A,2013,89.50695
G20,A,2014,87.81714
G20,A,2015,87.59913
G20,A,2016,85.89152
G20,A,2017,85.92903
EU28,A,1990,90.33936
EU28,A,1995,89.47944
EU28,A,2000,90.80823
EU28,A,2005,90.77113
EU28,A,2010,90.18783
EU28,A,2011,91.28002
EU28,A,2012,88.2861
EU28,A,2013,87.14758
EU28,A,2014,82.89058
EU28,A,2015,83.68362
EU28,A,2016,78.50251
EU28,A,2017,78.47357
OECD,A,1990,77.59675
OECD,A,1995,76.47176
OECD,A,2000,76.65505
OECD,A,2005,77.17341
OECD,A,2010,74.696
OECD,A,2011,77.5635
OECD,A,2012,70.95892
OECD,A,2013,68.4479
OECD,A,2014,63.7577
OECD,A,2015,63.319
OECD,A,2016,58.57152
OECD,A,2017,58.66758
OECDE,A,1990,88.84325
OECDE,A,1995,87.9025
OECDE,A,2000,89.25759
OECDE,A,2005,89.07509
OECDE,A,2010,88.52243
OECDE,A,2011,89.88385
OECDE,A,2012,86.43173
OECDE,A,2013,85.14582
OECDE,A,2014,80.665
OECDE,A,2015,81.35459
OECDE,A,2016,75.74636
OECDE,A,2017,75.71586
